verse_number,chapter_number,chapter_name_vi,chapter_name_ja,vi,ja
1,1,Pham Song Yeu,双品,"Ý dẫn đầu các pháp,
Ý làm chủ, ý tạo;
Nếu với ý ô nhiễm,
Nói lên hay hành động,
Khổ não bước theo sau,
Như xe, chân vật kéo.","諸法は意に支配せられ、意を主とし、意よりなる。
人もし穢れたる意を以て、或いは語り或いは行わば、苦の彼に随うこと、車輪が牽獣の足に〔随う〕が如し。"
2,1,Pham Song Yeu,双品,"Ý dẫn đầu các pháp,
Ý làm chủ, ý tạo;
Nếu với ý thanh tịnh,
Nói lên hay hành động,
An lạc bước theo sau,
Như bóng, không rời hình.","諸法は意に支配せられ、意を主とし、意よりなる。
人もし浄き意を以て、或いは語り或いは行わば、楽の彼に随うこと、影の〔形に随いて〕離れざるが如し。"
3,1,Pham Song Yeu,双品,"Nó mắng tôi, đánh tôi,
Nó thắng tôi, cướp tôi
Ai ôm hiềm hận ấy,
Hận thù không thể nguôi.",「彼、我を罵れり、我を投げ打てり、我を敗れり、我より奪えり」と、かかる執念を懐く人には、その忿怨やむことなし。
4,1,Pham Song Yeu,双品,"Nó mắng tôi, đánh tôi,
Nó thắng tôi, cướp tôi
Không ôm hiềm hận ấy,
Hận thù được tự nguôi.",「彼、我を罵れり、我を投げ打てり、我を敗れり、我より奪えり」と、かかる執念を懐かざる人には、その忿怨終息す。
5,1,Pham Song Yeu,双品,"Với hận diệt hận thù,
Ðời này không có được.
Không hận diệt hận thù,
Là định luật ngàn thu.","実に、この世に於て、怨は怨によりて終にやむことなし。
怨を棄ててこそ初めてやむ。
こは万古不易の法なり。"
6,1,Pham Song Yeu,双品,"Và người khác không biết,
Chúng ta đây bị hại.
Chỗ ấy, ai hiểu được
Tranh luận được lắng êm.","他の者（愚者）は、「我らはこの世に於て、自ら制すべきものなり」と悟らず。
かく悟る者にのみ、それによりて争いはやむ。"
7,1,Pham Song Yeu,双品,"Ai sống nhìn tịnh tướng,
Không hộ trì các căn,
ăn uống thiếu tiết độ,
biếng nhác, chẳng tinh cần.
Ma uy hiếp kẻ ấy,
như cây yếu trước gió.",享楽を事として住し、諸根を摂せず、飲食度なく、怠惰にして精勤せざるもの、実に魔王がかかる人を克服すること、風の弱き樹に於けるが如し。
8,1,Pham Song Yeu,双品,"Ai sống quán bất tịnh,
Khéo hộ trì các căn,
ăn uống có tiết độ,
Có lòng tin, tinh cần,
Ma không uy hiếp được,
Như núi đá, trước gió.",享楽を事とせずして住し、よく諸根を摂し、飲食度あり、信念ありて精勤するもの、実に魔王がかかる人を克服し得ざること、風の岩山に於けるが如し。
9,1,Pham Song Yeu,双品,"Ai mặc áo cà sa.
tâm chưa rời uế trược,
không tự chế, không thực,
không xứng áo cà sa",汚濁を脱せざるもの、袈裟を纏わんとするも、節度なく真実なければ、彼は袈裟に相応せず。
10,1,Pham Song Yeu,双品,"Ai rời bỏ uế trược,
giới luật khéo nghiêm trì,
tự chế, sống chơn thực,
thật xứng áo cà sa.",汚濁を捨棄し、よく戒行に住し、節度を守り真実あれば、彼は実に袈裟に相応す。
11,1,Pham Song Yeu,双品,"Không chân, tưởng chân thật,
chân thật, thấy không chân:
chúng không đạt chân thật,
do tà tư, tà hạnh.",非精髄を精髄と思い、精髄を非精髄と見る人は、邪思惟に住し、精髄に到達することなし。
12,1,Pham Song Yeu,双品,"Chân thật, biết chân thật,
Không chân, biết không chân:
chúng đạt được chân thật,
do chánh tư, chánh hạnh.",精髄に於て精髄を知り、非精髄に於て非精髄を知る人は、正思惟に住し、精髄に到達す。
13,1,Pham Song Yeu,双品,"Như mái nhà vụng lợp,
Mưa liền xâm nhập vào.
Cũng vậy tâm không tu,
Tham dục liền xâm nhập.","粗く葺きたる家屋に雨の漏る如く、
貪欲
は
修養
なき心を侵す。"
14,1,Pham Song Yeu,双品,"Như ngôi nhà khéo lợp,
Mưa không xâm nhập vào.
Cũng vậy tâm khéo tu,
Tham dục không xâm nhập.",善く葺きたる家屋に雨の漏らざる如く、貪欲は修養せる心を侵さず。
15,1,Pham Song Yeu,双品,"Nay sầu, đời sau sầu,
Kẻ ác, hai đời sầu;
Nó sầu, nó ưu não,
Thấy nghiệp uế mình làm.","この世に於て悲しみ、死後に於ても悲しみ、悪業をなせる者は両処に於て悲しむ。
自己の
業
の汚濁を見て、彼は悲しみ、彼は悩む。"
16,1,Pham Song Yeu,双品,"Nay vui, đời sau vui,
Làm phước, hai đời vui,
Nó vui, nó an vui,
Thấy nghiệp tịnh mình làm.","この世に於て歓び、死後に於ても歓び、善業をなせる者は両処に於て歓ぶ。
自己の業の清浄を見て、彼は歓び、彼は楽しむ。"
17,1,Pham Song Yeu,双品,"Nay than, đời sau than,
Kẻ ác, hai đời than,
Nó than: ‘Ta làm ác’
Ðọa cõi dữ, than hơn.","この世に於て苦しみ、死後に於ても苦しみ、悪業をなせる者は両処に於て苦しむ。
「我悪業をなせり」とて苦しみ、悪趣に堕ちて更に苦しむ。"
18,1,Pham Song Yeu,双品,"Nay sướng, đời sau sướng,
Làm phước, hai đời sướng.
Nó sướng: ‘Ta làm thiện’,
Sanh cõi lành, sướng hơn.","この世に於て喜び、死後に於ても喜び、善業をなせる者は両処に於て喜ぶ。
「我善業をなせり」とて喜び、善趣に往きて更に喜ぶ。"
19,1,Pham Song Yeu,双品,"Nếu người nói nhiều kinh,
Không hành trì, phóng dật;
Như kẻ chăn bò người,
Không phần Sa môn hạnh.",たとい経典を誦すること多くとも、放逸にしてこれを実行せざる人は、他人の牛を数うる牧者に等しく、〔真の〕沙門の列に入らず。
20,1,Pham Song Yeu,双品,"Dầu nói ít kinh điển,
Nhưng hành pháp, tùy pháp,
Từ bỏ tham, sân, si,
Tĩnh giác, tâm giải thoát,
Không chấp thủ hai đời,
Dự phần Sa môn hạnh.","たとい経典を誦すること少なくとも、法に
遵
いて挙止し、貪欲と
瞋恚
と
愚痴
とを捨て、正智を得て心よく
解脱
し、この世に於てもかの世に於ても
執着
なきものは、〔真の〕沙門の列に入る。"
21,2,Pham Khong Phong Dat,不放逸品,"Không phóng dật, đường sống,
Phóng dật là đường chết.
Không phóng dật, không chết,
Phóng dật như chết rồi.","不放逸は不死の道にして、放逸は死の道なり。
不放逸の人は死せず、放逸の人は死せるに異ならず。"
22,2,Pham Khong Phong Dat,不放逸品,"Biết rõ sai biệt ấy,
Người trí không phóng dật,
Hoan hỷ, không phóng dật,
An vui hạnh bậc Thánh.",よくこの理を悟り、不放逸に通達せる人は不放逸を歓び、聖者の境を楽しむ。
23,2,Pham Khong Phong Dat,不放逸品,"Người hằng tu thiền định,
Thường kiên trì tinh tấn.
Bậc trí hưởng Niết Bàn,
Ðạt an tịnh vô thượng.","これらの賢者は
禅定
に住し、堅忍に満ち、常に勇猛にして、無上安穏の
涅槃
を獲得す。"
24,2,Pham Khong Phong Dat,不放逸品,"Nỗ lực, giữ chánh niệm,
Tịnh hạnh, hành thận trọng
Tự điều, sống theo pháp,
Ai sống không phóng dật,
Tiếng lành ngày tăng trưởng.",奮励し、念慮に富み、浄行をなし、熟慮して行い、自己を抑制し、正法に従って生きる不放逸者の声誉は増大す。
25,2,Pham Khong Phong Dat,不放逸品,"Nỗ lực, không phóng dật,
Tự điều, khéo chế ngự.
Bậc trí xây hòn đảo,
Nước lụt khó ngập tràn.","奮励により、不放逸により、自制により、また
調御
により、賢慮ある者は瀑流（
煩悩
）の侵すことなき洲（避難所）を造るべし。"
26,2,Pham Khong Phong Dat,不放逸品,"Chúng ngu si, thiếu trí,
Chuyên sống đời phóng dật.
Người trí, không phóng dật,
Như giữ tài sản quý.",痴鈍愚昧の輩は放逸に耽り、賢慮ある者は不放逸を護ること、最上の宝を〔護る〕が如し。
27,2,Pham Khong Phong Dat,不放逸品,"Chớ sống đời phóng dật,
Chớ mê say dục lạc.
Không phóng dật, thiền định,
Ðạt được an lạc lớn.","放逸に耽るべからず、欲楽に親しむべからず。
不放逸にして禅定に住する者のみ、大安楽に達し得ればなり。"
28,2,Pham Khong Phong Dat,不放逸品,"Người trí dẹp phóng dật,
Với hạnh không phóng dật,
Leo lầu cao trí tuệ,
Không sầu, nhìn khổ sầu,
Bậc trí đứng núi cao,
Nhìn kẻ ngu, đất bằng.","識者が不放逸により放逸を退くる時、かかる賢者は
智慧
の高閣に登り、憂を去って憂ある衆愚を瞰下す、あたかも山上に立てる人が地上の人を〔瞰下する〕如く。"
29,2,Pham Khong Phong Dat,不放逸品,"Tinh cần giữa phóng dật,
Tỉnh thức giữa quần mê.
Người trí như ngựa phi,
Bỏ sau con ngựa hèn.",放逸なる者の中に在りて不放逸に、睡眠者の中に在りてよく覚醒せる賢者は、駿馬の駑馬を後にして〔進む〕が如くに往く。
30,2,Pham Khong Phong Dat,不放逸品,"Ðế Thích [1] không phóng dật,
Ðạt ngôi vị Thiên chủ.
Không phóng dật, được khen ;
Phóng dật, thường bị trách.","摩伽婆
（
帝釈天
）は不放逸によりて諸天の最高位に達せり。
人は不放逸を称讃し、放逸は常に非難せらる。"
31,2,Pham Khong Phong Dat,不放逸品,"Vui thích không phóng dật,
Tỷ kheo sợ phóng dật,
Bước tới như lửa hừng,
Thiêu kiết sử lớn nhỏ.","不放逸を楽しみ、また放逸に畏怖を感ずる比丘は、大小の
繋縛
を火の如くに焼きつつ往く。"
32,2,Pham Khong Phong Dat,不放逸品,"Vui thích không phóng dật,
Tỷ kheo sợ phóng dật,
Không thể bị thối đọa,
Nhất định gần Niết Bàn.",不放逸を楽しみ、また放逸に畏怖を感ずる比丘は、既に涅槃に近づき、決して退転することなし。
33,3,Pham Tam,心品,"Tâm hoảng hốt giao động,
Khó hộ trì, khó nhiếp,
Người trí làm tâm thẳng,
Như thợ tên, làm tên.","賢慮ある者は、戦慄し動揺し護り難く制し難き心を直くすること、あたかも箭匠の
箭
に於けるが如し。"
34,3,Pham Tam,心品,"Như cá quăng lên bờ,
Vất ra ngoài thủy giới;
Tâm này vùng vẫy mạnh,
Hãy đoạn thế lực Ma.",水中の住処より取り出されて陸上に投げ捨てられし魚の如く、この心は魔王の世界より逃れんとして戦慄す。
35,3,Pham Tam,心品,"Khó nắm giữ, khinh động,
Theo các dục quay cuồng.
Lành thay, điều phục tâm;
Tâm điều, an lạc đến.","捉え難く軽躁にして欲に随いて赴く心を、制御するはまことに善し。
制御せられたる心は安楽をもたらす。"
36,3,Pham Tam,心品,"Tâm khó thấy, tế nhị,
Theo các dục quay cuồng.
Người trí phòng hộ tâm,
Tâm hộ, an lạc đến.","極めて見難く極めて微妙にして欲に随いて赴く心を、賢慮ある者は護るべし。
護られたる心は安楽をもたらす。"
37,3,Pham Tam,心品,"Chạy xa, sống một mình,
Không thân, ẩn hang sâu [1]
Ai điều phục được tâm,
Thoát khỏi Ma trói buộc. [2]","遠く行き独り動き形骸なく胸窟に隠るる心、そを制御する者は魔王の
繋縛
より脱す。"
38,3,Pham Tam,心品,"Ai tâm không an trú,
Không biết chân diệu pháp,
Tịnh tín bị rúng động,
Trí tuệ không viên thành.",心安定せず、正法を弁えず、信念動揺する人の智慧は成満することなし。
39,3,Pham Tam,心品,"Tâm không đầy tràn dục,
Tâm không (hận) công phá,
Ðoạn tuyệt mọi thiện ác,
Kẻ tỉnh không sợ hãi.",心に煩悩なく、思慮惑乱せず、善悪を超脱し、覚醒せる人には恐怖なし。
40,3,Pham Tam,心品,"Biết thân như đồ gốm,
Trú tâm như thành trì,
Chống Ma với gươm trí ;
Giữ chiến thắng [3] không tham [4]","この身は水瓶の如く〔脆し〕と知り、この心を城郭の如く安立せしめ、智慧の武器を以て魔王と戦うべし。
調伏してはこれを監視し
懈怠
すべからず。"
41,3,Pham Tam,心品,"Không bao lâu thân này,
Sẽ nằm dài trên đất,
Bị vất bỏ, vô thức,
Như khúc cây vô dụng.",実に久しからずしてこの身は地上に横たわるべし、意識なく、無用の木片の如く捨てられて。
42,3,Pham Tam,心品,"Kẻ thù hại kẻ thù,
Oan gia hại oan gia,
Không bằng tâm hướng tà, [5]
Gây ác cho tự thân.","仇敵が仇敵に対し、怨敵が怨敵に対し、いかなる〔悪を〕なすにもせよ、邪悪に止住する心は、更に大なる
悪
を人になすべし。"
43,3,Pham Tam,心品,"Ðiều mẹ cha bà con,
Không có thể làm được,
Tâm hướng chánh làm được
Làm được tốt đẹp hơn.","父・母、はたまた他の親族のなす〔善〕にも勝り、正道に止住する心は、更に大なる
善
を人になすべし。"
44,4,Pham Hoa,花品,"“Ai chinh phục đất này
Dạ ma, Thiên giới này?
Ai khéo giảng Pháp cú,
Như người khéo hái hoa?”","誰かこの地界と閻魔界と天界とを征服する。
誰か妙説の法句を摘み集むること、熟練せる人の花を〔摘む〕如くする。"
45,4,Pham Hoa,花品,"“Hữu học chinh phục đất,
Dạ ma, Thiên giới này.
Hữu học giảng Pháp cú,
Như người khéo hái hoa.”","仏教を修する者は、この地界と閻魔界と天界とを征服せん。
仏教を修する者は、妙説の法句を摘み集むること、熟練せる人の花を〔摘む〕如くせん。"
46,4,Pham Hoa,花品,"“Biết thân như bọt nước,
Ngộ thân là như huyễn,
Bẻ tên hoa của ma,
Vượt tầm mắt thần chết.”","この身は泡沫に譬うべきを知り、幻影に等しきを悟る人は、魔王の花矢（誘惑）を破り、〔
地獄
の〕死王（
閻魔
）に見ゆることなけん。"
47,4,Pham Hoa,花品,"“Người nhặt các loại hoa,
Ý đắm say, tham nhiễm,
Bị thần chết mang đi,
Như lụt trôi làng ngủ.”","花（快楽）をのみ摘みて心貪着せる人を、死は捉え去る、あたかも眠れる村落を瀑流の〔
漂蕩
し去る〕如く。"
48,4,Pham Hoa,花品,"Người nhặt các loại hoa,
Ý đắm say tham nhiễm,
Các dục chưa thỏa mãn,
Ðã bị chết chinh phục.”",花をのみ摘みて心貪着し、愛欲に飽くことなき人を死は克服す。
49,4,Pham Hoa,花品,"“Như ong đến với hoa,
Không hại sắc và hương,
Che chở hoa, lấy nhụy.
Bậc Thánh đi vào làng “.",蜜蜂の、花と色と香りとを損なうことなく、甘味のみを取り去る如く、かく智者は村落に乞食すべし。
50,4,Pham Hoa,花品,"“Không nên nhìn lỗi người,
Người làm hay không làm.
Nên nhìn tự chính mình.
Có làm hay không làm.”","他の非違を〔観る〕べからず、他の為せること、為さざりしことを〔観る〕べからず。
ただ自己の為せること（罪過）為さざりしこと（
懈怠
）を観るべし。"
51,4,Pham Hoa,花品,"“Như bông hoa tươi đẹp,
Có sắc nhưng không hương.
Cũng vậy, lời khéo nói,
Không làm, không kết quả.”",愛すべく色麗しくとも芳香なき花の如く、実行なき人の語は、善く説かるるとも効果なし。
52,4,Pham Hoa,花品,"“Như bông hoa tươi đẹp,
Có sắc lại thêm hương;
Cũng vậy, lời khéo nói,
Có làm, có kết quả.”",愛すべく色麗しく芳香ある花の如く、実行する人の語は、善く説かれてしかも効果あり。
53,4,Pham Hoa,花品,"“Như từ một đống hoa,
Nhiều tràng hoa được làm.
Cũng vậy, thân sanh tử,
Phải làm nhiều việc lành.”",堆積せる花より、多くの華鬘を造り得る如く、人と生まれては多くの善事をなすべし。
54,4,Pham Hoa,花品,"“Hương các loại hoa thơm
Không ngược bay chiều gió
Nhưng hương người đức hạnh
Ngược gió khắp tung bay
Chỉ có bậc chân nhân
Tỏa khắp mọi phương trời.”","花の香りは風に逆らいて進まず、
栴檀
・
多伽羅
または
茉莉花
（香木の名）の〔香り〕も〔また然り〕。
されど善人の香りは風に逆らいても進み、正しき人は一切方に薫ず。"
55,4,Pham Hoa,花品,"“Hoa chiên đàn, già la,
Hoa sen, hoa vũ quý,
Giữa những hương hoa ấy,
Giới hương là vô thượng.”",栴檀または多伽羅・青蓮華はたまたヴァッシキー（香木の名）、これらの諸香の中、戒の香り最も勝れたり。
56,4,Pham Hoa,花品,"“Ít giá trị hương này,
Hương già la, chiên đàn;
Chỉ hương người đức hạnh,
Tối thượng tỏa Thiên giới.”","多伽羅・栴檀に属するその香りは軽微なり。
されど持戒者の香りは最上にして諸天の間に薫ず。"
57,4,Pham Hoa,花品,"“Nhưng ai có giới hạnh,
An trú không phóng dật,
Chánh trí, chơn giải thoát,
Ác ma không thấy đường.”",戒行を成就し、不放逸に住し、正智により解脱せる者には、魔王も近づくあたわず。
58,4,Pham Hoa,花品,"“Như giữa đống rác nhớp,
Quăng bỏ trên đường lớn,
Chỗ ấy hoa sen nở,
Thơm sạch, đẹp ý người.”","大道に捨てられたる塵埃の堆積中に、芳香
馥郁
として美しき蓮華の生ずる如く、"
59,4,Pham Hoa,花品,"“Cũng vậy giữa quần sanh,
Uế nhiễm, mù, phàm tục,
Ðệ tử bậc Chánh Giác,
Sáng ngời với Tuệ Trí.”",この如く、塵埃にも等しき盲昧の凡夫中に、正等覚者の弟子は智慧を以て輝く。
60,5,Pham Ngu,愚品,"“Ðêm dài cho kẻ thức,
Ðường dài cho kẻ mệt,
Luân hồi dài, kẻ ngu,
Không biết chơn diệu pháp.”","不眠者には夜長く、疲れたる人には一
由旬
（距離の単位）も長く、正法を知らざる愚者には流転長し。"
61,5,Pham Ngu,愚品,"“Tìm không được bạn đường,
Hơn mình hay bằng mình,
Thà quyết sống một mình,
Không bè bạn kẻ ngu.”","道を歩みて自己に勝る人、自己に等しき人に逢わざれば、敢えて独り行くべし。
愚者は断じて伴侶となすべからず。"
62,5,Pham Ngu,愚品,"“Con tôi, tài sản tôi,
Người ngu sanh ưu não,
Tự ta, ta không có,
Con đâu, tài sản đâu.”","「我に子あり、我に財あり」とて愚者は悩む。
自己すでに自分のものにあらず。
況んやいかで子をや、いかで財をや。"
63,5,Pham Ngu,愚品,"“Người ngu nghĩ mình ngu,
Nhờ vậy thành có trí.
Người ngu tưởng có trí,
Thật xứng gọi chí ngu.”","愚者にして〔自ら〕その愚を知るものは、これによりて既に賢なり。
されど愚者にして〔自ら〕賢なりと思うものは、実に〔真の〕愚者と称せらる。"
64,5,Pham Ngu,愚品,"“Người ngu, dầu trọn đời,
Thân cận người có trí,
Không biết được Chánh pháp,
Như muỗng với vị canh.”",たとい終生賢者に侍すとも、愚者は正法を悟らざること、あたかも食匙の香味に於けるが如し。
65,5,Pham Ngu,愚品,"“Người trí, dầu một khắc,
Thân cận người có trí,
Biết ngay chân diệu pháp,
Như lưỡi với vị canh.”",たとい一瞬賢者に侍すとも、智者は直ちに正法を悟ること、あたかも舌の香味に於けるが如し。
66,5,Pham Ngu,愚品,"“Người ngu si thiếu trí,
Tự ngã thành kẻ thù.
Làm các nghiệp không thiện,
Phải chịu quả đắng cay.”",無知なる愚者は自己に対し仇敵の如く振る舞う、苦果をもたらす悪業を行いつつ。
67,5,Pham Ngu,愚品,"“Nghiệp làm không chánh thiện,
Làm rồi sanh ăn năn,
Mặt nhuốm lệ, khóc than,
Lãnh chịu quả dị thục.”",行いて後悔い、顔に涙し、哭泣してその果報をうく、かかる業は善くなされたるものにあらず。
68,5,Pham Ngu,愚品,"“Và nghiệp làm chánh thiện,
Làm rồi không ăn năn,
Hoan hỷ, ý đẹp lòng,
Hưởng thọ quả dị thục.”",されど行いて後悔いず、歓喜愉悦してその果報をうく、かかる業は善くなされたるものなり。
69,5,Pham Ngu,愚品,"“Người ngu nghĩ là ngọt,
Khi ác chưa chín muồi;
Ác nghiệp chín muồi rồi,
Người ngu chịu khổ đau.”","悪業の未だ熟せざる間、愚者はそを蜜の如く思惟す。
されど悪業の熟するや、愚者はその時に至りて苦悩す。"
70,5,Pham Ngu,愚品,"“Tháng tháng với ngọn cỏ,
Người ngu có ăn uống
Không bằng phần mười sáu
Người hiểu pháp hữu vi.”",愚者は〔節食して〕月に月に（数ヶ月間毎日）、クサ草の先端を以て食を取るとも、彼は正法を思量する者の十六分の一にも値せず。
71,5,Pham Ngu,愚品,"“Nghiệp ác đã được làm,
Như sữa, không đông ngay,
Cháy ngầm theo kẻ ngu,
Như lửa tro che đậy.”","犯したる悪業は、牛乳の如く直ちに凝固せず。
灰に覆われたる火の如く、燃えつつ愚者に従う。"
72,5,Pham Ngu,愚品,"“Tự nó chịu bất hạnh,
Khi danh đến kẻ ngu.
Vận may bị tổn hại,
Ðầu nó bị nát tan.”",思慮生じて〔かえって〕愚者の災厄となる、そは彼の頭を砕きつつ、愚者の幸福を滅ぼす。
73,5,Pham Ngu,愚品,"“Ưa danh không tương xứng,
Muốn ngồi trước tỷ kheo,
Ưa quyền tại tịnh xá,
Muốn mọi người lễ kính.”",〔愚者をして〕虚名を欲せしめよ、比丘衆の間にありては上位を、僧院に於ては主権を、他人（在家衆）の間に於ては供養を〔欲せしめよ〕。
74,5,Pham Ngu,愚品,"“Mong cả hai tăng, tục,
Nghĩ rằng (chính ta làm).
Trong mọi việc lớn nhỏ,
Phải theo mệnh lệnh ta ”
Người ngu nghĩ như vậy
Dục và mạn tăng trưởng.","「こは我により為されたりと、在家も
出家
も共に考うべし、彼らは為すべきこと、為すべからざること、何事に於てもわが意に従うべし」とは、愚者の思惟なり。
〔この故に〕欲心と慢心とは増長す。"
75,5,Pham Ngu,愚品,"“Khác thay duyên thế lợi,
Khác thay đường Niết Bàn.
Tỷ kheo, đệ tử Phật,
Hãy như vậy thắng tri.
Chớ ưa thích cung kính,
Hãy tu hạnh viễn ly.”",一は利得に導く〔道〕にして、一は涅槃に至る〔道〕なりと、かく仏弟子たる比丘は悟りて、尊敬を喜ぶべからず、遠離に専心すべし。
76,6,Pham Hien Tri,賢品,"Nếu thấy bậc hiền trí,
Chỉ lỗi và khiển trách,
Như chỉ chỗ chôn vàng
Hãy thân cận người trí!
Thân cận người như vậy,
Chỉ tốt hơn, không xấu.","罪過を指示し呵責する智者を見ば、かかる賢者と交わること、伏蔵を告ぐる人に於けるが如くせよ。
かかる人と交わる者には善きことありて、悪しきことなし。"
77,6,Pham Hien Tri,賢品,"“Những người hay khuyên dạy,
Ngăn người khác làm ác,
Ðược người hiền kính yêu,
Bị người ác không thích.”","訓戒すべし、教示すべし。
不当の事より〔他人を〕遠ざくべし。
かかる人は実に善人の愛するところ、悪人の憎むところとなる。"
78,6,Pham Hien Tri,賢品,"“Chớ thân với bạn ác,
Chớ thân kẻ tiểu nhân.
Hãy thân người bạn lành,
Hãy thân bậc thượng nhân.”","悪友と交わるべからず、下劣の人を友とすべからず。
善友と交わるべし、最上の人を友とすべし。"
79,6,Pham Hien Tri,賢品,"“Pháp hỷ đem an lạc,
Với tâm tư thuần tịnh;
Người trí thường hoan hỷ,
Với pháp bậc Thánh thuyết.”","法〔水〕を飲む者は、清澄なる心を以て快適に臥す。
賢者は常に聖者の説ける法を楽しむ。"
80,6,Pham Hien Tri,賢品,"“Người trị thủy dẫn nước,
Kẻ làm tên nắn tên,
Người thợ mộc uốn gỗ,
Bậc trí nhiếp tự thân.”","治水者は水を導き、箭匠は
箭
を矯め、木匠は木を矯め、賢者は自己を
調御
す。"
81,6,Pham Hien Tri,賢品,"“Như đá tảng kiên cố,
Không gió nào giao động,
Cũng vậy, giữa khen chê,
Người trí không giao động.”",固き巌の風に揺るがざるが如く、賢者は毀誉の中に於て動かず。
82,6,Pham Hien Tri,賢品,"“Như hồ nước sâu thẳm,
Trong sáng, không khuấy đục,
Cũng vậy, nghe chánh pháp,
Người trí hưởng tịnh lạc.”",深き池の静かにして澄める如く、賢者は法を聞きて心清澄なり。
83,6,Pham Hien Tri,賢品,"“Người hiền bỏ tất cả,
Người lành không bàn dục,
Dầu cảm thọ lạc khổ,
Bậc trí không vui buồn.”","善人はあらゆるものに於て離欲し、善人は欲を求めて語らず。
楽に触るるも、また苦に触るるも、賢者は動ずる色なし。"
84,6,Pham Hien Tri,賢品,"“Không vì mình, vì người.
Không cầu được con cái,
Không tài sản quốc độ,
Không cầu mình thành tựu,
Với việc làm phi pháp.
Vị ấy thật trì giới,
Có trí tuệ, đúng pháp.”","自己の為にも他の為にも、子と財と国土とを望むべからず。
不法によりて自己の繁栄を願うべからず。
これ戒行・智慧・正法を備うる人なり。"
85,6,Pham Hien Tri,賢品,"“Ít người giữa nhân loại,
Ðến được bờ bên kia
Còn số người còn lại,
Xuôi ngược chạy bờ này.”","人間の中、
彼岸
（涅槃）に到達する人は少なし。
此方（生死界）にある他の衆生は、ただ岸に沿いて走るのみ。"
86,6,Pham Hien Tri,賢品,"“Những ai hành trì pháp,
Theo chánh pháp khéo dạy,
Sẽ đến bờ bên kia,
Vượt ma lực khó thoát.”","法の正しく説かれたる時、〔その〕法に従う人は彼岸に至らん。
死の境域（生死界）は実に越え難し。"
87,6,Pham Hien Tri,賢品,"Kẻ trí bỏ pháp đen,
Tu tập theo pháp trắng.
Bỏ nhà, sống không nhà,
Sống viễn ly khổ lạc.”","賢者は黒法（悪）を捨てて、白法（善）を修すべし。
家より〔出でて〕、家なき境界に至り、
孤独
にして〔欲〕楽なき処に、"
88,6,Pham Hien Tri,賢品,"“Hãy cầu vui Niết Bàn,
Bỏ dục, không sở hữu,
Kẻ trí tự rửa sạch,
Cấu uế từ nội tâm.”","〔法〕楽を求むべし。
賢者は諸欲を捨て、無一物となり、自己を心垢より浄むべし。"
89,6,Pham Hien Tri,賢品,"“Những ai với chánh tâm,
Khéo tu tập giác chi,
Từ bỏ mọi ái nhiễm,
Hoan hỷ không chấp thủ.
Không lậu hoặc, sáng chói,
Sống tịch tịnh ở đời.”","菩提
の支分（七菩提分）に於て心を正しく修養し、執着なく、貪着を捨つるを喜び、煩悩を滅尽して輝く人は、現世に於て涅槃に入れるなり。"
90,7,Pham A-La-Han,阿羅漢品,"“Ðích đã đến, không sầu,
Giải thoát ngoài tất cả,
Ðoạn trừ mọi buộc ràng,
Vị ấy không nhiệt não.”","〔有為の〕路を終えて憂患を離れ、一切に於て解脱し、一切の
繋縛
を断ちたる人には苦悩なし。"
91,7,Pham A-La-Han,阿羅漢品,"“Tự sách tấn, chánh niệm,
Không thích cư xá nào,
Như ngỗng trời rời ao,
Bỏ sau mọi trú ẩn.”","正念ある人は出家し、彼らは在家を喜ばず。
池を捨て去る鵞鳥の如く、彼らはいずれの家をも捨つ。"
92,7,Pham A-La-Han,阿羅漢品,"“Tài sản không chất chứa,
Ăn uống biết liễu tri,
Tự tại trong hành xứ,
“Không vô tướng, giải thoát, ”
Như chim giữa hư không,
Hướng chúng đi khó tìm.”",蓄積することなく、正念食をなし、空にして無相の解脱を境とする人の道は、虚空に於ける鳥の〔道〕の如く、追随し難し。
93,7,Pham A-La-Han,阿羅漢品,"“Ai lậu hoặc đoạn sạch,
Ăn uống không tham đắm,
Tự tại trong hành xứ,
“Không, vô tướng giải thoát. ”
Như chim giữa hư không,
Dấu chân thật khó tìm. ”",煩悩を滅尽し、飲食に捉われず、空にして無相の解脱を境とする人の跡は、虚空に於ける鳥の〔跡〕の如く、追随し難し。
94,7,Pham A-La-Han,阿羅漢品,"“Ai nhiếp phục các căn,
Như đánh xe điều ngự,
Mạn trừ, lậu hoặc dứt,
Người vậy, Chư Thiên mến.”","諸根寂静に帰して、御者によく
調御
せられし馬の如く、慢を断ち、煩悩を滅尽せる人、天神といえどもこの如き人を羨む。"
95,7,Pham A-La-Han,阿羅漢品,"“Như đất, không hiềm hận,
Như cột trụ, kiên trì,
Như hồ, không bùn nhơ,
Không luân hồi, vị ấy.”","敬虔なる聖者は、
忍辱
なること大地の如く、また門閾に似たり。
〔浄きこと〕泥土なき池〔水〕の如し。
この如き人には
輪廻
あることなし。"
96,7,Pham A-La-Han,阿羅漢品,"“Người tâm ý an tịnh,
Lời an, nghiệp cũng an,
Chánh trí, chơn giải thoát,
Tịnh lạc là vị ấy.”","正智によりて解脱し、安穏を得たる聖者の意は寂静なり。
語もまた業も寂静なり。"
97,7,Pham A-La-Han,阿羅漢品,"“Không tin, hiểu vô vi.
Người cắt mọi hệ lụy
Cơ hội tận, xả ly
Vị ấy thật tối thượng.”","妄信なく、無為（涅槃）を悟り、〔輪廻の〕
繋縛
を断ち、〔善悪の〕契機を退け、
欲望
を捨てたる人こそ実に最上の人士なれ。"
98,7,Pham A-La-Han,阿羅漢品,"“Làng mạc hay rừng núi
Thung lũng hay đồi cao,
La Hán trú chỗ nào,
Ðất ấy thật khả ái “.","村落に於ても、また森林に於ても、低地に於ても、また丘陵に於ても、
阿羅漢
の住する処、その地は楽し。"
99,7,Pham A-La-Han,阿羅漢品,"“Khả ái thay núi rừng,
Chỗ người phàm không ưa,
Vị ly tham ưa thích,
Vì không tìm dục lạc.”","森林は楽しむべし。
衆人の楽しまざる処に於て、離欲の人は楽しまん。
彼らは欲楽を求めざればなり。"
100,8,Pham Ngan,千品,"“Dầu nói ngàn ngàn lời,
Nhưng không gì lợi ích,
Tốt hơn một câu nghĩa,
Nghe xong, được tịnh lạc.”",たとい無益の語を集めて一千言を成すとも、聞きて寂静を得べき、有益の一語これに勝る。
101,8,Pham Ngan,千品,"“Dầu nói ngàn câu kệ
Nhưng không gì lợi ích,
Tốt hơn nói một câu,
Nghe xong, được tịnh lạc.”",たとい無益の句を集めて一千偈を成すとも、聞きて寂静を得べき、一偈の一語これに勝る。
102,8,Pham Ngan,千品,"“Dầu nói trăm câu kệ
Nhưng không gì lợi ích,
Tốt hơn một câu pháp,
Nghe xong, được tịnh lạc.”",無益の句よりなる百偈を誦すとも、聞きて寂静を得べき、一偈の一語これに勝る。
103,8,Pham Ngan,千品,"“Dầu tại bãi chiến trường
Thắng ngàn ngàn quân địch,
Tự thắng mình tốt hơn,
Thật chiến thắng tối thượng.”",戦場に於て百万人に勝つとも、一の自己に克つ者こそ実に最上の戦勝者なれ。
104,8,Pham Ngan,千品,"“Tự thắng, tốt đẹp hơn,
Hơn chiến thắng người khác.
Người khéo điều phục mình,
Thường sống tự chế ngự.”","克服せられたる自己は、実に他の衆人に勝る。
自己を制御し、常に節制して行う人の〔勝利を〕、"
105,8,Pham Ngan,千品,"Dầu Thiên Thần, Thát Bà,
Dầu Ma vương, Phạm Thiên
Không ai chiến thắng nổi,
Người tự thắng như vậy.","天神も、
乾闥婆
も、魔王もまた
梵天
も、かかる人の勝利を〔転じて〕敗北となすことあたわず。"
106,8,Pham Ngan,千品,"“Tháng tháng bỏ ngàn vàng,
Tế tự cả trăm năm,
Chẳng bằng trong giây lát,
Cúng dường bậc tự tu.
Cúng dường vậy tốt hơn,
Hơn trăm năm tế tự.”",月に月に千金を投じて供犠すること百年、しかも一人のよく修養せる人に供養すること瞬時なれば、この供養はかの百年の祭祀に勝る。
107,8,Pham Ngan,千品,"“Dầu trải một trăm năm,
Thờ lửa tại rừng sâu,
Chẳng bằng trong giây lát,
Cúng dường bậc tự tu.
Cúng dường vậy tốt hơn,
Hơn trăm năm tế tự.”",林中に於て祭火に奉仕すること百年、しかも一人のよく修養せる人に供養すること瞬時なれば、この供養はかの百年の祭祀に勝る。
108,8,Pham Ngan,千品,"“Suốt năm cúng tế vật,
Ðể cầu phước ở đời.
Không bằng một phần tư
Kính lễ bậc chánh trực.”",この世に於て、福を求めて一年の間、或いは供犠し或いは祭祀に従事するも、そのすべては、直行の人（阿羅漢）を敬礼する四分の一に値せず。
109,8,Pham Ngan,千品,"“Thường tôn trọng, kính lễ
Bậc kỳ lão trưởng thượng,
Bốn pháp được tăng trưởng:
Thọ, sắc, lạc, sức mạnh.”",敬礼を守り、常に長上を尊ぶ人には、四種の法増長す、すなわち寿と美と楽と力と。
110,8,Pham Ngan,千品,"Dầu sống một trăm năm
Ác giới, không thiền định,
Tốt hơn sống một ngày,
Trì giới, tu thiền định.",百歳の寿を全うするも、戒を破り三昧に住せざれば、戒を持し禅定に住する者の一日の生、これに勝る。
111,8,Pham Ngan,千品,"“Ai sống một trăm năm,
Ác tuệ, không thiền định.
Tốt hơn sống một ngày,
Có tuệ, tu thiền định.”",百歳の寿を全うするも、無知にして三昧に住せざれば、智慧を具し禅定に住する者の一日の生、これに勝る。
112,8,Pham Ngan,千品,"“Ai sống một trăm năm,
Lười nhác không tinh tấn,
Tốt hơn sống một ngày
Tinh tấn tận sức mình.”","百歳の寿を全うするも、怠惰にして
精進
せざれば、堅固なる精進を行ずる者の一日の生、これに勝る。"
113,8,Pham Ngan,千品,"“Ai sống một trăm năm,
Không thấy pháp sinh diệt,
Tốt hơn sống một ngày,
Thấy được pháp sinh diệt.”",百歳の寿を全うするも、生滅の〔理〕を見ざれば、生滅の〔理〕を見る者の一日の生、これに勝る。
114,8,Pham Ngan,千品,"“Ai sống một trăm năm,
Không thấy câu bất tử,
Tốt hơn sống một ngày,
Thấy được câu bất tử.”",百歳の寿を全うするも、不死の道（涅槃）を見ざれば、不死の道を見る者の一日の生、これに勝る。
115,8,Pham Ngan,千品,"Ai sống một trăm năm,
Không thấy pháp tối thượng,
Tốt hơn sống một ngày,
Thấy được pháp tối thượng.",百歳の寿を全うするも、最上の法を見ざれば、最上の法を見る者の一日の生、これに勝る。
116,9,Pham Ac,悪品,"“Hãy gấp làm điều lành,
Ngăn tâm làm điều ác.
Ai chậm làm việc lành,
Ý ưa thích việc ác.”","善に急ぐべし、心を悪より遠ざくべし。
善をなすに
懈怠
する者は、その心悪を喜ぶ。"
117,9,Pham Ac,悪品,"“Nếu người làm điều ác,
Chớ tiếp tục làm thêm.
Chớ ước muốn điều ác,
Chứa ác, tất chịu khổ.”","たとい人悪をなすも、重ねてこれをなすべからず、これを喜ぶべからず。
悪の
積集
は苦なり。"
118,9,Pham Ac,悪品,"“Nếu người làm điều thiện,
Nên tiếp tục làm thêm.
Hãy ước muốn điều thiện,
Chứa thiện, được an lạc.”","もし人善をなさば、重ねてこれをなすべし、これを喜ぶべし。
善の
積集
は楽なり。"
119,9,Pham Ac,悪品,"“Người ác thấy là hiền.
Khi ác chưa chín muồi,
Khi ác nghiệp chín muồi,
Người ác mới thấy ác.”","悪人といえども、悪の未だ熟せざる間は、福善を見る。
然れども悪の熟するや、その時悪人は苦悪を見る。"
120,9,Pham Ac,悪品,"“Người hiền thấy là ác,
Khi thiện chưa chín muồi.
Khi thiện được chín muồi,
Người hiền thấy là thiện.”","善人といえども、善の未だ熟せざる間は、苦悪を見る。
然れども善の熟するや、その時善人は福善を見る。"
121,9,Pham Ac,悪品,"“Chớ chê khinh điều ác,
Cho rằng “chưa đến mình “,
Như nước nhỏ từng giọt,
Rồi bình cũng đầy tràn.
Người ngu chứa đầy ác
Do chất chứa dần dần.”","「そは我に報い来らざるべし」とて、悪を軽視すべからず。
点滴の落下によりて水瓶も満たさる。
微々として積みつつも愚者は悪に満たさる。"
122,9,Pham Ac,悪品,"“Chớ chê khinh điều thiện
Cho rằng “Chưa đến mình, ”
Như nước nhỏ từng giọt,
Rồi bình cũng đầy tràn.
Người trí chứa đầy thiện,
Do chất chứa dần dần.”","「そは我に報い来らざるべし」とて、善を軽視すべからず。
点滴の落下によりて水瓶も満たさる。
微々として積みつつも賢者は善に満たさる。"
123,9,Pham Ac,悪品,"“Ít bạn đường, nhiều tiền,
Người buôn tránh đường hiểm.
Muốn sống, tránh thuốc độc,
Hãy tránh ác như vậy.”",伴侶少なく財貨多き商人の、危なき道を〔避くる〕如く、寿を願う者の毒を〔避くる〕如く、悪業を避くべし。
124,9,Pham Ac,悪品,"“Bàn tay không thương tích,
Có thể cầm thuốc độc.
Không thương tích, tránh độc,
Không làm, không có ác.”","手に傷なければ、手にて毒を捕らうも可なり。
毒は傷なき者には入らず。
悪をなさざる者に悪はなし。"
125,9,Pham Ac,悪品,"“Hại người không ác tâm,
Người thanh tịnh, không uế,
Tội ác đến kẻ ngu,
Như ngược gió tung bụi.”","邪念なき人を害し、清浄にして罪穢なき人を〔害せば〕、悪はかえってその愚者に及ぶ。
あたかも風に逆らって散らされし微塵の如く。"
126,9,Pham Ac,悪品,"“Một số sinh bào thai,
Kẻ ác sinh địa ngục,
Người thiện lên cõi trời,
Vô lậu chứng Niết Bàn.”",ある者は〔人〕胎に宿り、悪業を造れる者は地獄に〔墜ち〕、正しき者は天界に昇り、煩悩を滅尽せる者は涅槃に入る。
127,9,Pham Ac,悪品,"“Không trên trời, giữa biển,
Không lánh vào động núi,
Không chỗ nào trên đời,
Trốn được quả ác nghiệp.”",虚空に於ても、海中に於ても、山間の洞窟に入りても、そこに留まりて悪業より免れ得べき処は、世界になし。
128,9,Pham Ac,悪品,"“Không trên trời, giữa biển,
Không lánh vào động núi,
Không chỗ nào trên đời,
Trốn khỏi tay thần chết.”",虚空に於ても、海中に於ても、山間の洞窟に入りても、そこに留まりて死の力の及ばざる処は世界になし。
129,10,Pham Hinh Phat,刀杖品,"“Mọi người sợ hình phạt,
Mọi người sợ tử vong.
Lấy mình làm ví dụ
Không giết, không bảo giết.”","一切の人は刀杖を怖れ、一切の人は死を恐る。
自己に思い比べて、〔他を〕殺すべからず、殺さしむべからず。"
130,10,Pham Hinh Phat,刀杖品,"“Mọi người sợ hình phạt,
Mọi người thích sống còn;
Lấy mình làm ví dụ,
Không giết, không bảo giết.”","一切の人は刀杖を怖れ、一切の人は生を愛す。
自己に思い比べて、〔他を〕殺すべからず、殺さしむべからず。"
131,10,Pham Hinh Phat,刀杖品,"“Chúng sanh cầu an lạc,
Ai dùng trượng hại người,
Ðể tìm lạc cho mình,
Ðời sau không được lạc.”",自己の安楽を欲して、安楽を好む有情を、刀杖を以て害する者は、死後安楽を得ず。
132,10,Pham Hinh Phat,刀杖品,"“Chúng sanh cầu an lạc,
Không dùng trượng hại người,
Ðể tìm lạc cho mình,
Ðời sau được hưởng lạc.”",自己の安楽を欲して、安楽を好む有情を、刀杖を以て害せざる者は、死後安楽を得。
133,10,Pham Hinh Phat,刀杖品,"“Chớ nói lời ác độc,
Nói ác, bị nói lại,
Khổ thay lời phẩn nộ,
Ðao trượng phản chạm mình.”","粗暴の言を用うべからず。
言われし者また汝に言を返さん。
忿怒の言は実に苦なり。
刀杖かえって汝に触れん。"
134,10,Pham Hinh Phat,刀杖品,"“Nếu tự mình yên lặng,
Như chiếc chuông bị bể.
Ngươi đã chứng Niết Bàn
Ngươi không còn phẩn nộ.”","汝もし壊れたる銅鑼の如く、黙して言わざれば、汝は既に涅槃を得たるなり。
汝に忿怒あることなし。"
135,10,Pham Hinh Phat,刀杖品,"“Với gậy người chăn bò,
Lùa bò ra bãi cỏ;
Cũng vậy, già và chết,
Lùa người đến mạng chung.”",牧者の杖を以て牛を牧場に駆る如く、老と死とは有情の寿命を駆る。
136,10,Pham Hinh Phat,刀杖品,"“Người ngu làm điều ác,
Không ý thức việc làm.
Do tự nghiệp, người ngu
Bị nung nấu, như lửa.”",愚者は悪業をなして悟らず、暗鈍にして自己の業により苦しむこと、あたかも火に焼かるるが如し。
137,10,Pham Hinh Phat,刀杖品,"“Dùng trượng phạt không trượng,
Làm ác người không ác.
Trong mười loại khổ đau,
Chịu gấp một loại khổ.”",罪過なく、邪念なき人を刀杖を以て害する者は、忽ち〔下の如き〕十中の一事に遇うべし。
138,10,Pham Hinh Phat,刀杖品,"“Hoặc khổ thọ khốc liệt,
Thân thể bị thương vong,
Hoặc thọ bệnh kịch liệt,
Hay loạn ý tán tâm.”",激しき苦痛、老衰、身体の毀損、或いは重き病苦、もしくは心の錯乱に遇うべし。
139,10,Pham Hinh Phat,刀杖品,"“Hoặc tai họa từ vua,
Hay bị vu trọng tội;
Bà con phải ly tán,
Tài sản bị nát tan.”","或いは国王より蒙る災禍、或いは恐るべき
讒誣
、或いは親族の離散、或いは財産の破滅に〔遇い〕、"
140,10,Pham Hinh Phat,刀杖品,"“Hoặc phòng ốc nhà cửa
Bị hỏa tai thiêu đốt.
Khi thân hoại mạng chung,
Ác tuệ sanh địa ngục.”","或いはまた浄火彼の家を焼く。
愚痴なる者はその身滅びて後地獄に堕つ。"
141,10,Pham Hinh Phat,刀杖品,"“Không phải sống lõa thể
Bện tóc, tro trét mình,
Tuyệt thực, lăn trên đất,
Sống nhớp, siêng ngồi xổm,
Làm con người được sạch,
Nếu không trừ nghi hoặc.”","裸行も、
螺髻
も、汚泥も、断食も、或いは地上の横臥も、塵垢身も、蹲踞も、疑惑を断ぜざる人を浄むることなし。"
142,10,Pham Hinh Phat,刀杖品,"“Ai sống tự trang sức,
Nhưng an tịnh, nhiếp phục,
Sống kiên trì, phạm hạnh,
Không hại mọi sinh linh,
Vị ấy là phạm chí,
Hay sa môn, khất sĩ.”","たとい〔その身を〕荘厳するとも、一切の有情に刀杖を加うることなく、寂静に住し、〔心を〕
調御
し、自ら制し、
梵行
を持し、行う所平等なる者、彼は婆羅門なり、彼は沙門なり、彼は比丘なり。"
143,10,Pham Hinh Phat,刀杖品,"“Thật khó tìm ở đời,
Người biết thẹn, tự chế,
Biết tránh né chỉ trích
Như ngựa hiền tránh roi.”","この世に於て
慚愧
を以て自己を制する者ありや。
良馬の鞭を〔蒙らざる〕如く、彼は誹謗を蒙らず。"
144,10,Pham Hinh Phat,刀杖品,"“Như ngựa hiền chạm roi,
Hãy nhiệt tâm, hăng hái,
Với tín, giới, tinh tấn,
Thiền định cùng trạch pháp.
Minh hạnh đủ, chánh niệm,
Ðoạn khổ này vô lượng.”",鞭を加えられし良馬の如く、汝らも努力奮励せよ、信仰と戒行と精進とにより、禅定と法の識別とにより、知と行とを具足して忘るることなく、この大なる苦を滅却せよ。
145,10,Pham Hinh Phat,刀杖品,"“Người trị thủy dẫn nước,
Kẻ làm tên nắn tên,
Người thợ mộc uốn ván,
Bậc tự điều, điều thân.”","治水者は水を導き、箭匠は
箭
を矯め、木匠は木を矯め、有徳者は自己を
調御
す。"
146,11,Pham Gia,老品,"“Cười gì, hân hoan gì,
Khi đời mãi bị thiêu?
Bị tối tăm bao trùm,
Sao không tìm ngọn đèn?”","何の喜びぞ、何の歓びぞ、〔世は〕常に燃えつつあるを。
汝らは暗黒に覆わる。
何ぞ灯明を求めざる。"
147,11,Pham Gia,老品,"“Hãy xem bong bóng đẹp,
Chỗ chất chứa vết thương,
Bệnh hoạn nhiều suy tư,
Thật không gì trường cửu.”","見よ粉飾せる形骸を。
〔そは〕傷痍の
積集
にして病患絶えず、多欲にして、堅固・常住ならず。"
148,11,Pham Gia,老品,"“Sắc này bị suy già,
Ổ tật bệnh, mỏng manh,
Nhóm bất tịnh, đỗ vỡ,
Chết chấm dứt mạng sống.”","この形骸は衰退す、病苦の巣窟にして壊れ易し。
汚穢
の
積集
は遂に壊る。
生は必ず死に終わればなり。"
149,11,Pham Gia,老品,"“Như trái bầu mùa thu,
Bị vất bỏ quăng đi,
Nhóm xương trắng bồ câu,
Thấy chúng còn vui gì?”","秋到りて〔捨てられし〕
瓢箪
の如く、委棄せられしこれらの白骨を見て、何の喜びありや。"
150,11,Pham Gia,老品,"“Thành này làm bằng xương,
Quét tô bằng thịt máu,
Ở đây già và chết,
Mạn, lừa đảo chất chứa.”","城郭（形骸）は骨を以て造られ、塗るに肉と血とを以てす。
その中には老と死と慢と偽と
蔵
せらる。"
151,11,Pham Gia,老品,"“Xe vua đẹp cũng già.
Thân này rồi sẽ già,
Pháp bậc thiện, không già.
Như vậy bậc chí thiện
Nói lên cho bậc thiện.”","美しく飾られたる王車も必ず朽ち、肉体もまた遂に老ゆ。
然れども善人の法は老ゆることなし。
実に善人はこれを善人と相伝う。"
152,11,Pham Gia,老品,"“Người ít nghe kém học,
Lớn già như trâu đực.
Thịt nó tuy lớn lên,
Nhưng tuệ không tăng trưởng.”","寡聞の人（愚者）は雄牛の如くに老ゆ。
彼の肉は増せども、彼の智は増すことなし。"
153,11,Pham Gia,老品,"“Lang thang bao kiếp sống
Ta tìm nhưng chẳng gặp,
Người xây dựng nhà này,
Khổ thay, phải tái sanh.”","われ屋舎を作るもの（輪廻の原因）を求めて〔これを〕見出さず、多生の流転を経たり。
生を受くること数次〔みな〕苦なり。"
154,11,Pham Gia,老品,"“Ôi! Người làm nhà kia
Nay ta đã thấy ngươi!
Ngươi không làm nhà nữa.
Ðòn tay ngươi bị gẫy,
Kèo cột ngươi bị tan
Tâm ta đạt tịch diệt,
Tham ái thảy tiêu vong.”","屋舎を作るものよ。
汝は見出されたり。
再び屋舎を作ることなけん。
汝のすべての椽桷は毀たれ、棟梁は砕かれたり。
心は万象を離れて愛欲を滅尽し得たり。"
155,11,Pham Gia,老品,"“Lúc trẻ, không phạm hạnh,
Không tìm kiếm bạc tiền.
Như cò già bên ao,
Ủ rũ, không tôm cá.”","壮時
梵行
を修せず、財宝を獲得せざりし者は、魚なき池の老鷺の如くに死滅す。"
156,11,Pham Gia,老品,"“Lúc trẻ không phạm hạnh,
Không tìm kiếm bạc tiền;
Như cây cung bị gẫy,
Thở than những ngày qua.”","壮時
梵行
を修せず、財宝を獲得せざりし者は、折れたる弓の如く、過去を偲び歎きて横たわる。"
157,12,Pham Tu Nga,自己品,"“Nếu biết yêu tự ngã,
Phải khéo bảo vệ mình,
Người trí trong ba canh,
Phải luôn luôn tỉnh thức.”","もし自己の愛すべきを知らば、よくこれを獲るべし。
賢者は夜の三分（人生の三期）の中、一分は覚醒してあるべし。"
158,12,Pham Tu Nga,自己品,"“Trước hết tự đặt mình,
Vào những gì thích đáng.
Sau mới giáo hóa người,
Người trí khỏi bị nhiễm.”","先ず自己を適所に置き、然る後他を教えよ。
〔かかる〕賢者は悩むことなからん。"
159,12,Pham Tu Nga,自己品,"“Hãy tự làm cho mình,
Như điều mình dạy người.
Khéo tự điều, điều người,
Khó thay, tự điều phục!”","もし他を教うる如く自ら行わば、〔自ら〕よく
調御
せられて、〔他を〕
調御
し得べし。
実に自己は
調御
し難ければなり。"
160,12,Pham Tu Nga,自己品,"“Tự mình y chỉ mình,
Nào có y chỉ khác.
Nhờ khéo điều phục mình,
Ðược y chỉ khó được.”","自己の依所は自己のみなり。
他にいかなる依所あらんや。
自己のよく
調御
せられたる時、人は得難き依所を獲得す。"
161,12,Pham Tu Nga,自己品,"“Ðiều ác tự mình làm,
Tự mình sanh, mình tạo.
Nghiền nát kẻ ngu si,
Như kim cương, ngọc báu.”",自己のなせる悪業は、自己より生じ、自己より起れるものにして、愚者を粉砕すること、金剛石の宝石に於けるが如し。
162,12,Pham Tu Nga,自己品,"Phá giới quá trầm trọng,
Như dây leo bám cây
Gieo hại cho tự thân,
Như kẻ thù mong ước.",破戒甚だしき人は、あたかもつる草がその覆える沙羅樹に〔枯死を望む〕が如く自己に破滅を望む仇敵の意に従って、自ら挙動す（すなわち破滅す）。
163,12,Pham Tu Nga,自己品,"“Dễ làm các điều ác,
Dễ làm tự hại mình.
Còn việc lành, việc tốt,
Thật tối thượng khó làm.”",不善にして自己に害あることは行い易く、〔自己に〕益ありてかつ善なることは極めて行い難し。
164,12,Pham Tu Nga,自己品,"“Kẻ ngu si miệt thị,
Giáo pháp bậc La Hán,
Bậc Thánh, bậc chánh mạng.
Chính do ác kiến này,
Như quả loại cây lau
Mang quả tự hoại diệt.”",正法に従って生くる尊き阿羅漢の教えを、邪見に拠りて謗る愚者は、自己の破滅の為に〔業〕果を結ぶこと、あたかもカッタカ草（葦の一種）の果が〔実りてかえって自ら滅ぶが〕如し。
165,12,Pham Tu Nga,自己品,"“Tự mình, làm điều ác,
Tự mình làm nhiễm ô,
Tự mình không làm ác,
Tự mình làm thanh tịnh.
Tịnh, không tịnh tự mình,
Không ai thanh tịnh ai!”","自ら悪をなして自ら汚れ、自ら悪をなさずして自ら浄し。
各々自ら浄となり不浄となる。
人は他を浄むることあたわず。"
166,12,Pham Tu Nga,自己品,"“Chớ theo pháp hạ liệt.
Chớ sống mặc, buông lung;
Chớ tin theo tà kiến,
Chớ tăng trưởng tục trần.”","たといいかに大〔事〕なりとも、他の為に尽くして自己の義務を
忽諸
にすべからず。
自己の義務を知りて常に自己の義務に専心なるべし。"
167,13,Pham The Gian,世品,"“Dầu lợi người bao nhiêu,
Chớ quên phần tư lợi,
Nhờ thắng trí tư lợi.
Hãy chuyên tâm lợi mình.”",下劣の法に従うべからず、放逸に住すべからず、邪見に従うべからず、世俗の徒となるべからず。
168,13,Pham The Gian,世品,"“Nỗ lực, chớ phóng dật!
Hãy sống theo chánh hạnh;
Người chánh hạnh hưởng lạc,
Cả đời này, đời sau.”","奮起すべし、放逸なるべからず。
善行の法を行うべし。
法に従って行なう人は、この世に於てもかの世に於ても安楽に臥す。"
169,13,Pham The Gian,世品,"“Hãy khéo sống chánh hạnh,
Chớ sống theo tà hạnh!
Người chánh hạnh hưởng lạc,
Cả đời này, đời sau.”","善行の法を行うべし。
悪行の〔法〕を行うべからず。
法に従って行なう人は、この世に於てもかの世に於ても安楽に臥す。"
170,13,Pham The Gian,世品,"“Hãy nhìn như bọt nước,
Hãy nhìn như cảnh huyễn!
Quán nhìn đời như vậy,
Thần chết không bắt gặp.”",泡沫を見る如く、陽炎（蜃気楼）を見る如く、かく世間を観ずる者を、死王は見ず。
171,13,Pham The Gian,世品,"“Hãy đến nhìn đời này,
Như xe vua lộng lẫy,
Người ngu mới tham đắm,
Kẻ trí nào đắm say.”",来たれ粉飾せられて王車に譬うべきこの世を見よ。愚者はこの中に沈湎す、智者は〔これに〕執着することなし。
172,13,Pham The Gian,世品,"“Ai sống trước buông lung,
Sau sống không phóng dật,
Chói sáng rực đời này.
Như trăng thoát mây che.”",前に放逸なるも、後に放逸ならざる人は、あたかも雲間を出でし月の如くに、この世を照らす。
173,13,Pham The Gian,世品,"“Ai dùng các hạnh lành,
Làm xóa mờ nghiệp ác,
Chói sáng rực đời này,
Như trăng thoát mây che.”",そのなしたる悪業を、善を以て覆う人は、あたかも雲間を出でし月の如くに、この世を照らす。
174,13,Pham The Gian,世品,"“Ðời này thật mù quáng,
Ít kẻ thấy rõ ràng.
Như chim thoát khỏi lưới,
Rất ít đi thiên giới.”","この世は暗黒なり。
この中に於てよく洞察する者は稀なり。
網を脱れし鳥の如く、天に昇る者は少なし。"
175,13,Pham The Gian,世品,"“Như chim thiên nga bay,
Thần thông liệng giữa trời;
Chiến thắng ma, ma quân,
Kẻ trí thoát đời này.”","鵞鳥は太陽の道を行き、通力を以て虚空を行く。
賢者は魔王とその眷属とを破りて、世間より離脱す。"
176,13,Pham The Gian,世品,"“Ai vi phạm một pháp,
Ai nói lời vọng ngữ,
Ai bác bỏ đời sau,
Không ác nào không làm.”",唯一法を犯し、妄語を吐き、来世を信ぜざる人は悪としてなさざるなし。
177,13,Pham The Gian,世品,"“Keo kiết không sanh thiên,
Kẻ ngu ghét bố thí,
Người trí thích bố thí,
Ðời sau, được hưởng lạc.”","貪欲の人は天界に赴かず。
愚者は決して施与を称揚せず。
賢者は施与を随喜し、これにより来世に於て安楽なり。"
178,13,Pham The Gian,世品,"“Hơn thống lãnh cõi đất,
Hơn được sanh cõi trời,
Hơn chủ trì vũ trụ,
Quả Dự Lưu tối thắng.”","地上に於ける王権よりも、或いは天界に赴くよりも、一切世界の主権よりも、
預流果
（涅槃に至る第一階梯）は勝れたり。"
179,14,Pham Phat Da,仏陀品,"“Vị chiến thắng không bại,
Vị bước đi trên đời,
Không dấu tích chiến thắng,
Phật giới rộng mênh mông,
Ai dùng chân theo dõi
Bậc không để dấu tích?”",その勝利は決して凌駕せられず、その勝利にはこの世に於て何人も及ぶあたわざる、かの〔智見〕無辺にして〔流転の〕道跡なき仏陀を、いかなる道によりて導き来らんとするや。
180,14,Pham Phat Da,仏陀品,"“Ai giải tỏa lưới tham,
Ái phược hết dắt dẫn,
Phật giới rộng mênh mông,
Ai dùng chân theo dõi,
Bậc không để dấu tích?”","羅網を具して
纏綿
たる愛欲すら、そを何処にも導き得ざる、かの〔智見〕無辺にして〔流転の〕道跡なき仏陀を、いかなる道によりて導き来らんとするや。"
181,14,Pham Phat Da,仏陀品,"“Người trí chuyên thiền định,
Thích an tịnh viễn ly,
Chư thiên đều ái kính,
Bậc chánh giác, chánh niệm.”",禅定に専念し、賢明にして出家の寂静を喜び、正覚を得て憶念に富む賢者は、諸天すらこれを羨む。
182,14,Pham Phat Da,仏陀品,"“Khó thay, được làm người,
Khó thay, được sống còn,
Khó thay, nghe diệu pháp,
Khó thay, Phật ra đời!”","人と生まるるは難く、人間の生存は難し。
妙法を聞くことは難く、諸仏の出世は難し。"
183,14,Pham Phat Da,仏陀品,"“Không làm mọi điều ác.
Thành tựu các hạnh lành,
Tâm ý giữ trong sạch,
Chính lời chư Phật dạy.”","一切の悪をなさず、善を行い、自己の心を浄む。
これ諸仏の教えなり。"
184,14,Pham Phat Da,仏陀品,"“Chư Phật thường giảng dạy;
Nhẫn, khổ hạnh tối thượng,
Niết bàn, quả tối thượng;
Xuất gia không phá người;
Sa môn không hại người.”","忍辱
・忍受は最上の苦行にして、涅槃は最勝なりと諸仏は説く。
実に他を害する出家なく、他を悩ます沙門なし。"
185,14,Pham Phat Da,仏陀品,"“Không phỉ báng, phá hoại,
Hộ trì giới căn bản,
Ăn uống có tiết độ,
Sàng tọa chỗ nhàn tịnh
Chuyên chú tăng thượng tâm,
Chính lời chư Phật dạy.”","謗らず
害
わず、
戒律
を厳守し、食するに量を知り、孤独に坐臥し、高尚なる思慮に専念す。
これ諸仏の教えなり。"
186,14,Pham Phat Da,仏陀品,"“Dầu mưa bằng tiền vàng,
Các dục khó thỏa mãn.
Dục đắng nhiều ngọt ít,
Biết vậy là bậc trí.”","金貨の雨によりても欲心の満足あることなし。
欲は甘味少なく苦なりと知りて賢者は、"
187,14,Pham Phat Da,仏陀品,"“Ðệ tử bậc chánh giác,
Không tìm cầu dục lạc,
Dầu là dục chư thiên,
Chỉ ưa thích ái diệt.”","天上の欲楽に於ても喜悦せず。
正等覚者の弟子は愛欲を滅尽するを喜ぶ。"
188,14,Pham Phat Da,仏陀品,"“Loài người sợ hoảng hốt,
Tìm nhiều chỗ quy y,
Hoặc rừng rậm, núi non,
Hoặc vườn cây, đền tháp.”",恐怖に駆られて人は、山岳に、森林に、園苑に、聖樹に、種々なる依所を求む。
189,14,Pham Phat Da,仏陀品,"“Quy y ấy không ổn,
Không quy y tối thượng.
Quy y các chỗ ấy,
Không thoát mọi khổ đau.”","然れどもこは安全なる依所にあらず。
最上の依所にあらず。
かかる依所に赴くとも、一切の苦より脱することなし。"
190,14,Pham Phat Da,仏陀品,"“Ai quy y Ðức Phật,
Chánh pháp và chư tăng,
Ai dùng chánh tri kiến,
Thấy được bốn Thánh đế.”","仏と法と
僧
とに帰依する者は、正智によりて四種の聖諦を見る。"
191,14,Pham Phat Da,仏陀品,"“Thấy khổ và khổ tập,
Thấy sự khổ vượt qua,
Thấy đường Thánh tám ngành,
Ðưa đến khổ não tận.”",苦と、苦の因と、苦の滅と、苦の滅尽に至る八支の聖道、〔すなわちこれなり〕。
192,14,Pham Phat Da,仏陀品,"“Thật quy y an ổn,
Thật quy y tối thượng,
Có quy y như vậy,
Mới thoát mọi khổ đau.”","こは安全なる依所なり。
最上の依所なり。
かかる依所に赴きて、一切の苦より脱す。"
193,14,Pham Phat Da,仏陀品,"“Khó gặp bậc thánh nhơn,
Không phải đâu cũng có.
Chỗ nào bậc trí sanh,
Gia đình tất an lạc.”","聖者は得難し。
彼は随所に生まるるものにあらず。
かかる賢者の生まるる所、その氏族は繁栄す。"
194,14,Pham Phat Da,仏陀品,"“Vui thay, Phật ra đời!
Vui thay, Pháp được giảng!
Vui thay, Tăng hòa hợp!
Hòa hợp tu, vui thay!”","諸仏の現わるるは快く、正法を説くは快し。
僧衆の和合するは快く、和合せる人々の
修行
は快し。"
195,14,Pham Phat Da,仏陀品,"“Cúng dường bậc đáng cúng,
Chư Phật hoặc đệ tử,
Các bậc vượt hý luận,
Ðoạn diệt mọi sầu bi.”",まさに供養を受くべき、虚妄を逸脱し憂患を超越せる仏陀、或いは仏弟子を供養する者、
196,14,Pham Phat Da,仏陀品,"“Cúng dường bậc như vậy,
Tịch tịnh, không sợ hãi,
Các công đức như vậy,
Không ai ước lường được.”",この如き寂静にして畏怖なき人を供養する者の、その大功徳は、何人によりても計量せられ難し。
197,15,Pham An Lac,安楽品,"“Vui thay, chúng ta sống,
Không hận, giữa hận thù!
Giữa những người thù hận,
Ta sống, không hận thù!”","我らは、怨憎者の中にありて怨憎なく、実に安楽に生きん。
我らは怨憎を抱く人々の中にありて怨憎なく住せん。"
198,15,Pham An Lac,安楽品,"“Vui thay, chúng ta sống,
Không bệnh, giữa ốm đau!
Giữa những người bệnh hoạn,
Ta sống, không ốm đau.”","我らは、苦悩者の中にありて苦悩なく、実に安楽に生きん。
我らは苦悩ある人々の中にありて苦悩なく住せん。"
199,15,Pham An Lac,安楽品,"“Vui thay, chúng ta sống,
Không rộn giữa rộn ràng;
Giữa những người rộn ràng,
Ta sống, không rộn ràng.”","我らは、貪欲者の中にありて貪欲なく、実に安楽に生きん。
我らは貪欲ある人々の中にありて貪欲なく住せん。"
200,15,Pham An Lac,安楽品,"“Vui thay chúng ta sống,
Không gì, gọi của ta.
Ta sẽ hưởng hỷ lạc,
Như chư thiên Quang Âm.”","我らは、何物をも有せずして、安楽に生きん。
我らは光音天神の如く、歓喜を以て食となさん。"
201,15,Pham An Lac,安楽品,"“Chiến thắng sinh thù oán,
Thất bại chịu khổ đau,
Sống tịch tịnh an lạc.
Bỏ sau mọi thắng bại.”","勝利は怨憎を生じ、敗者は苦しみて臥す。
寂静に帰せる人は、勝敗を捨てて安楽に臥す。"
202,15,Pham An Lac,安楽品,"“Lửa nào sánh lửa tham?
Ác nào bằng sân hận?
Khổ nào sánh khổ uẩn,
Lạc nào bằng tịnh lạc.”",貪欲に等しき火なく、憎悪に等しき罪なく、〔五〕蘊（肉体的存在）に比すべき苦なく、寂静に勝る安楽なし。
203,15,Pham An Lac,安楽品,"“Ðói ăn, bệnh tối thượng,
Các hành, khổ tối thượng,
Hiểu như thực là vậy,
Niết Bàn, lạc tối thượng.”","飢餓は最大の病にして、万象は最大の苦なり。
如実にこれを知れば、最上安楽の涅槃〔あり〕。"
204,15,Pham An Lac,安楽品,"“Không bệnh, lợi tối thượng,
Biết đủ, tiền tối thượng,
Thành tín đối với nhau,
Là bà con tối thượng.
Niết Bàn, lạc tối thượng.”","無病は最上の利にして、満足は最上の財なり。
信頼は最上の親族にして、涅槃は最上の安楽なり。"
205,15,Pham An Lac,安楽品,"“Ðã nếm vị độc cư,
Ðược hưởng vị nhàn tịnh,
Không sợ hải, không ác,
Nếm được vị pháp hỷ.”",孤独の甘味と寂静の甘味とを飲みたる者は、法悦の甘味を飲みつつ畏怖を去り、悪を離る。
206,15,Pham An Lac,安楽品,"“Lành thay, thấy thánh nhân,
Sống chung thường hưởng lạc.
Không thấy những người ngu,
Thường thường được an lạc.”","聖者を見るは善く、〔これと〕共に住するは常に安楽なり。
愚者を見ざれば常に安楽なるべし。"
207,15,Pham An Lac,安楽品,"“Sống chung với người ngu,
Lâu dài bị lo buồn.
Khổ thay gần người ngu,
Như thường sống kẻ thù.
Vui thay, gần người trí,
Như chung sống bà con.”","愚者と共に道を行く者は、実に長途の間憂愁す。
愚者と共に住するは、敵と共に〔住する〕が如く常に苦なり。
賢者は共に住して楽しく、あたかも親族との会合の如し。
実にこの故に、"
208,15,Pham An Lac,安楽品,"“Bậc hiền sĩ, trí tuệ
Bậc nghe nhiều, trì giới,
Bậc tự chế, Thánh nhân;
Hãy gần gũi, thân cận
Thiện nhân, trí giả ấy,
Như trăng theo đường sao.”",賢者、智者、博学の人、堅忍なる人、持戒者、聖者、この如き善良・賢明なる人に随うべし、あたかも月の星道に〔従う〕如く。
209,16,Pham Hy Ai,愛好品,"“Tự chuyên, không đáng chuyên
Không chuyên, việc đáng chuyên.
Bỏ đích, theo hỷ ái,
Ganh tị bậc tự chuyên.”","瞑想
なき〔行作〕に専注して、瞑想に専注せず、道義を捨てて愛好する所を取る者は、〔かえって〕瞑想に専注する者を羨む。"
210,16,Pham Hy Ai,愛好品,"“Chớ gần gũi người yêu,
Trọn đời xa kẻ ghét.
Yêu không gặp là khổ,
Oán phải gặp cũng đau.”","愛好するものと会するなかれ、愛好せざるものと決して〔会するなかれ〕。
愛好するものを見ざるは苦なり。
愛好せざるものを見るもまた〔苦なり〕。"
211,16,Pham Hy Ai,愛好品,"“Do vậy chớ yêu ai,
Ái biệt ly là ác;
Những ai không yêu ghét,
Không thể có buộc ràng.”","故に愛好するものを造るなかれ。
愛好するものを失うは災いなればなり。
愛憎なき人には
桎梏
（煩悩）なし。"
212,16,Pham Hy Ai,愛好品,"“Do ái sinh sầu ưu,
Do ái sinh sợ hãi,
Ai thoát khỏi tham ái,
Không sầu, đâu sợ hãi?”","愛好より憂患生じ、愛好より畏怖生ず。
愛好を離脱せる人には憂患なし。
何処にか畏怖あらん。"
213,16,Pham Hy Ai,愛好品,"“Ái luyến sinh sầu ưu,
Ái luyến sinh sợ hãi.
Ai giải thoát ái luyến
Không sầu, đâu sợ hãi?”","親愛より憂患生じ、親愛より畏怖生ず。
親愛を離脱せる人には憂患なし。
何処にか畏怖あらん。"
214,16,Pham Hy Ai,愛好品,"“Hỷ ái sinh sầu ưu,
Hỷ ái sinh sợ hãi.
Ai giải thoát hỷ ái,
Không sầu, đâu sợ hãi?","淫欲より憂患生じ、淫欲より畏怖生ず。
淫欲を離脱せる人には憂患なし。
何処にか畏怖あらん。"
215,16,Pham Hy Ai,愛好品,"“Dục ái sinh sầu ưu,
Dục ái sinh sợ hãi,
Ai thoát khỏi dục ái,
Không sầu, đâu sợ hãi?”","欲楽より憂患生じ、欲楽より畏怖生ず。
欲楽を離脱せる人には憂患なし。
何処にか畏怖あらん。"
216,16,Pham Hy Ai,愛好品,"“Tham ái sinh sầu ưu,
Tham ái sinh sợ hãi.
Ai thoát khỏi tham ái,
Không sầu, đâu sợ hãi.”","愛欲より憂患生じ、愛欲より畏怖生ず。
愛欲を離脱せる人には憂患なし。
何処にか畏怖あらん。"
217,16,Pham Hy Ai,愛好品,"“Ðủ giới đức, chánh kiến;
Trú pháp, chứng chân lý,
Tự làm công việc mình,
Ðược quần chúng ái kính.”",戒行と正見とを備え、正法に住し、真実を知り、自ら自己の業務を行う者、世人はかかる人を愛好す。
218,16,Pham Hy Ai,愛好品,"“Ước vọng pháp ly ngôn
Ý cảm xúc thượng quả
Tâm thoát ly ác dục,
Xứng gọi bậc Thượng Lưu.”",不可説法（涅槃）に望みを起こして思慮に富み、しかも諸欲に心を束縛せられざる者は上流者（涅槃に近づける者）と称せらる。
219,16,Pham Hy Ai,愛好品,"“Khách lâu ngày ly hương,
An toàn từ xa về,
Bà con cùng thân hữu,
Hân hoan đón chào mừng.”",久しく異郷にあり、遠隔の地より無事に戻れる帰来者を、親族・朋友・知己は歓び迎う。
220,16,Pham Hy Ai,愛好品,"“Cũng vậy các phước nghiệp,
Ðón chào người làm lành,
Ðời này đến đời kia.
Như thân nhân, đón chào.”",これと等しく、福業をなしてこの世よりかの世に赴ける人を、福業は迎う、あたかも愛好する帰来者を親族の〔迎うる〕如く。
221,17,Pham Phan No,忿怒品,"“Bỏ phẫn nộ, ly mạn,
Vượt qua mọi kiết sử,
Không chấp trước danh sắc.
Khổ không theo vô sản.”","忿怒を去るべし、慢心を捨つべし、一切の
繋縛
を脱すべし。
かく名色（精神・物質）に執着せざる無一物の人には苦の随うことなし。"
222,17,Pham Phan No,忿怒品,"“Ai chặn được phẫn nộ,
Như dừng xe đang lăn,
Ta gọi người đánh xe,
Kẻ khác, cầm cương hờ.”","勃発したる忿怒を、動揺する馬車の如くに抑止する人、我はこれを〔真の〕御者と呼ぶ。
他はただ手綱を執れるのみ。"
223,17,Pham Phan No,忿怒品,"“Lấy không giận thắng giận,
Lấy thiện thắng không thiện,
Lấy thí thắng xan tham,
Lấy chơn thắng hư ngụy.”","忍辱
によりて忿怒を克服すべし。
善によりて不善を克服すべし。
施与によりて
吝嗇者
を克服すべし。
真実によりて妄語者を〔克服すべし〕。"
224,17,Pham Phan No,忿怒品,"“Nói thật, không phẫn nộ,
Của ít, thí người xin,
Nhờ ba việc lành này,
Người đến gần thiên giới.”","真実を語るべし。
怒るべからず。
〔自己の所有〕少しといえども乞わるれば与うべし。
この三事により諸天の元に至り得るべし。"
225,17,Pham Phan No,忿怒品,"“Bậc hiền không hại ai,
Thân thường được chế ngự,
Ðạt được cảnh bất tử,
Ðến đây, không ưu sầu.”","殺生
することなく、常に身を制御する賢者は、そこに至りて憂患なき不死の境（涅槃）に達す。"
226,17,Pham Phan No,忿怒品,"“Những người thường giác tỉnh,
Ngày đêm siêng tu học,
Chuyên tâm hướng Niết Bàn,
Mọi lậu hoặc được tiêu.”",常に覚醒し、昼夜に勉学し、涅槃に志す者の煩悩は終息す。
227,17,Pham Phan No,忿怒品,"“A-tu-la, nên biết,
Xưa vậy, nay cũng vậy,
Ngồi im, bị người chê,
Nói nhiều bị người chê.
Nói vừa phải, bị chê.
Làm người không bị chê,
Thật khó tìm ở đời.”","アトゥラ（優婆塞の名）よ、こは古来より然り、今始まれるにあらず。
〔すなわち〕人は黙して坐するを謗り、多言を謗り、寡言をもまた謗る。
世に謗られざる者なし。"
228,17,Pham Phan No,忿怒品,"“Xưa, vị lai, và nay,
Ðâu có sự kiện này,
Người hoàn toàn bị chê,
Người trọn vẹn được khen.”",ただ謗らるるのみの人、またはただ褒めらるるのみの人は、〔過去にも〕なかりき、〔将来にも〕なかるべし、現在にもまたなし。
229,17,Pham Phan No,忿怒品,"“Sáng sáng, thẩm xét kỹ.
Bậc có trí tán thán.
Bậc trí không tỳ vết,
Ðầy đủ giới định tuệ.”",智者よく判別して日々に称讃し、所行失なく、賢明にして、慧戒兼ね備わるとなす者あらば、
230,17,Pham Phan No,忿怒品,"“Hạnh sáng như vàng ròng,
Ai dám chê vị ấy?
Chư thiên phải khen thưởng,
Phạm Thiên cũng tán dương “.","あたかも
閻浮檀金
にて造りし貨幣の如く、誰か彼を謗り得んや。
諸天も彼を称讃し、彼は梵天によりてもまた称讃せらる。"
231,17,Pham Phan No,忿怒品,"“Giữ thân đừng phẫn nộ,
Phòng thân khéo bảo vệ,
Từ bỏ thân làm ác,
Với thân làm hạnh lành.”","身の忿怒を摂護し、身を制御すべし。
身の悪行を捨て、身によりて善行を修すべし。"
232,17,Pham Phan No,忿怒品,"“Giữ lời đừng phẫn nộ,
Phòng lời, khéo bảo vệ,
Từ bỏ lời thô ác,
Với lời, nói điều lành.”","語の忿怒を摂護し、語を制御すべし。
語の悪行を捨て、語によりて善行を修すべし。"
233,17,Pham Phan No,忿怒品,"“Giữ ý đừng phẫn nộ,
Phòng ý, khéo bảo vệ,
Từ bỏ ý nghĩ ác,
Với ý, nghĩ hạnh lành.’","意の忿怒を摂護し、意を制御すべし。
意の悪行を捨て、意によりて善行を修すべし。"
234,17,Pham Phan No,忿怒品,"“Bậc trí bảo vệ thân,
Bảo vệ luôn lời nói
Bảo vệ cả tâm tư,
Ba nghiệp khéo bảo vệ.”",身を制御し、また語を制御し、意を制御する賢者は実によく制御せるものなり。
235,18,Pham Cau Ue,垢穢品,"“Ngươi nay giống lá héo,
Diêm sứ đang chờ ngươi,
Ngươi đứng trước cửa chết,
Ðường trường thiếu tư lương.”","汝は今や枯葉の如く、閻魔の使者また汝に近づけり。
汝は死出の門に立つ。
されど汝に旅路の糧なし。"
236,18,Pham Cau Ue,垢穢品,"“Hãy tự làm hòn đảo,
Tinh cần gấp, sáng suốt.
Trừ cấu uế, thanh tịnh,
Ðến Thánh địa chư Thiên.”","汝自ら自己の依所を造れ、速やかに精勤せよ、賢者たれ。
〔心の〕
垢穢
を払い、罪過なくば、汝は天の聖地に至らん。"
237,18,Pham Cau Ue,垢穢品,"“Ðời ngươi nay sắp tàn,
Tiến gần đến Diêm Vương.
Giữa đường không nơi nghỉ,
Ðường trường thiếu tư lương.”","汝は今や齢既に傾き、閻魔の元に近づけり。
途上に汝の住所なく、また旅路の糧もなし。"
238,18,Pham Cau Ue,垢穢品,"“Hãy tự làm hòn đảo,
Tinh cần gấp sáng suốt.
Trừ cấu uế, thanh tịnh,
Chẳng trở lại sanh già.”","汝自ら自己の依所を造れ、速やかに精勤せよ、賢者たれ。
〔心の〕垢穢を払い、罪過なくば、汝は再び生と老とに近づかざるべし。"
239,18,Pham Cau Ue,垢穢品,"“Bậc trí theo tuần tự.
Từng sát na trừ dần.
Như thợ vàng lọc bụi
Trừ cấu uế nơi mình.”",賢慮ある者は、漸次に、少量ずつ、刹那刹那に、自己の垢穢を払うべし、あたかも鍛工が銀の〔鉱垢を除くが〕如く。
240,18,Pham Cau Ue,垢穢品,"“Như sét từ sắt sanh,
Sắt sanh lại ăn sắt,
Cũng vậy, quá lợi dưỡng
Tự nghiệp dẫn cõi ác.”",鉄より生じたる垢穢（錆）が、鉄より生じて鉄を蝕むが如く、自己の業は悪業者を悪趣に導く。
241,18,Pham Cau Ue,垢穢品,"“Không tụng làm nhớp kinh,
Không đứng dậy, bẩn nhà,
Biếng nhác làm nhơ sắc,
Phóng dật uế người canh”","読誦
せざるは聖典の垢穢、修復せざるは家屋の垢穢、
懈怠
は美の垢穢、放逸は番士の垢穢なり。"
242,18,Pham Cau Ue,垢穢品,"“Tà hạnh nhơ đàn bà,
Xan tham nhớp kẻ thí,
Ác pháp là vết nhơ,
Ðời này và đời sau.”",不義は婦人の垢穢、吝嗇は施与者の垢穢、実に悪法（悪行）はこの世に於てもかの世に於ても垢穢なり。
243,18,Pham Cau Ue,垢穢品,"“Trong hàng cấu uế ấy,
Vô minh, nhơ tối thượng,
Ðoạn nhơ ấy, tỷ kheo,
Thành bậc không uế nhiễm.”","これらの諸垢穢より更に甚だしき垢穢は無明にして、〔こは〕最大の垢穢なり。
比丘らよ、この垢穢を捨てて無垢となれ。"
244,18,Pham Cau Ue,垢穢品,"“Dễ thay, sống không hổ
Sống lỗ mãng như quạ,
Sống công kích huênh hoang,
Sống liều lĩnh, nhiễm ô.”","慚愧心
なく、厚顔・暴戻・大胆・傲慢にして、罪に汚れたる人の生活は安易なり。"
245,18,Pham Cau Ue,垢穢品,"“Khó thay, sống xấu hổ,
Thường thường cầu thanh tịnh.
Sống vô tư, khiêm tốn,
Trong sạch và sáng suốt.”",慚愧心あり、常に清浄を求め、執着なく、謙遜にして、清浄の生活を営み、識見ある人の生活は困難なり。
246,18,Pham Cau Ue,垢穢品,"“Ai ở đời sát sinh,
Nói láo không chân thật,
Ở đời lấy không cho,
Qua lại với vợ người.”",生あるものを殺し、妄語を語り、この世に於て与えられざるを取り、他人の妻を犯し、
247,18,Pham Cau Ue,垢穢品,"“Uống rượu men, rượu nấu,
Người sống đam mê vậy,
Chính ngay tại đời này,
Tự đào bới gốc mình.”",スラー酒・メーラヤ酒に沈湎する人は、この世に於て自己の根底を掘るものなり。
248,18,Pham Cau Ue,垢穢品,"“Vậy người, hãy nên biết,
Không chế ngự là ác.
Chớ để tham phi pháp,
Làm người đau khổ dài.”","人よ、是の如く知れ、節制なき者は邪悪なりと。
貪欲と非法とをして永く汝を苦に陥らしむることなかれ。"
249,18,Pham Cau Ue,垢穢品,"“Do tín tâm, hỷ tâm
Loài người mới bố thí.
Ở đây ai bất mãn
Người khác được ăn uống,
Người ấy ngày hoặc đêm,
Không đạt được tâm định?”","人は実に信ずる所に従い、好む所に従いて施与す。
他人の得たる飲食に対し、不満を抱く者は、昼も夜も三昧に入るを得ず。"
250,18,Pham Cau Ue,垢穢品,"“Ai cắt được, phá được,
Tận gốc nhổ tâm ấy.
Người ấy ngày hoặc đêm,
Ðạt được tâm thiền định.”",かかる〔心を〕断ち、根元より絶滅する者は、昼も夜も実に三昧に入ることを得。
251,18,Pham Cau Ue,垢穢品,"“Lửa nào bằng lửa tham!
Chấp nào bằng sân hận!
Lưới nào bằng lưới si!
Sông nào bằng sông ái! ”","貪欲に等しき火なく、
瞋恚
に等しき捕捉者なく、愚痴に等しき羅網なく、愛欲に等しき河流なし。"
252,18,Pham Cau Ue,垢穢品,"“Dễ thay thấy lỗi người,
Lỗi mình thấy mới khó.
Lỗi người ta phanh tìm,
Như sàng trấu trong gạo,
Còn lỗi mình, che đậy,
Như kẻ gian dấu bài.”","他人の過失は見易く、自己の〔過失〕は見難し。
他人の過失は籾殻の如く散布し、自己の〔過失〕は、これを隠匿すること、狡猾なる賭博者のカリ（最悪の
骰子
数）に於けるが如し。"
253,18,Pham Cau Ue,垢穢品,"“Ai thấy lỗi của người,
Thường sanh lòng chỉ trích,
Người ấy lậu hoặc tăng,
Rất xa lậu hoặc diệt.”","他人の過失を詮索し、常に怒り易き人の煩悩は増長す。
彼は煩悩の滅尽を去ること遠し。"
254,18,Pham Cau Ue,垢穢品,"“Hư không, không dấu chân,
Ngoài đây, không sa môn,
Chúng sanh thích hý luận,
Như lai, hý luận trừ.”","虚空に道なく、外道に沙門なし。
衆生は虚妄を喜び、如来には虚妄なし。"
255,18,Pham Cau Ue,垢穢品,"“Hư không, không dấu chân,
Ngoài đây, không sa môn.
Các hành không thường trú,
Chư Phật không giao động.”","虚空に道なく、外道に沙門なし。
万象は常住ならず、諸仏に
擾乱
なし。"
256,19,Pham Phap Tru,法住品,"“Ngươi đâu phải pháp trụ,
Xử sự quá chuyên chế,
Bậc trí cần phân biệt
Cả hai chánh và tà!”","躁急に事を処するの故を以て、法住者たるにあらず。
正と邪とを二つながらよく弁別し、学識あり、"
257,19,Pham Phap Tru,法住品,"“Không chuyên chế, đúng pháp,
Công bằng, dắt dẫn người,
Bậc trí sống đúng pháp,
Thật xứng danh pháp trụ.”",躁急ならず如法・平等に他を導き、正法を護り、賢慮ある者は、法住者と称せらる。
258,19,Pham Phap Tru,法住品,"“Không phải vì nói nhiều,
Mới xứng danh bậc trí.
An ổn, không oán sợ.
Thật đáng gọi bậc trí.”","多言の故を以て賢者たるにあらず。
平静にして怨憎なく、畏怖なき者は、賢者と称せらる。"
259,19,Pham Phap Tru,法住品,"Không phải vì nói nhiều,
Mới xứng danh trì pháp,
Những ai tuy nghe ít,
Nhưng thân hành đúng pháp,
Không phóng túng chánh pháp,
Mới xứng danh trì pháp.”","多言の故を以て持法者たるにあらず。
聞くこと少なきも身を以て法を見、法を軽んぜざる者は、実に持法者なり。"
260,19,Pham Phap Tru,法住品,"Không phải là trưởng lão,
Dầu cho có bạc đầu.
Người chỉ tuổi tác cao,
Ðược gọi là: “Lão ngu.”","頭髪白きの故を以て長老たるにあらず。
彼の齢は〔徒に〕熟せるのみ。
彼は空しく老いたる者と称せらる。"
261,19,Pham Phap Tru,法住品,"“Ai chân thật, đúng pháp,
Không hại, biết chế phục,
Bậc trí không cấu uế,
Mới xứng danh Trưởng Lão.”","真実と法と不殺生と節制と
調御
とを持し、〔心の〕垢穢を捨棄したる賢者は、長老と称せらる。"
262,19,Pham Phap Tru,法住品,"“Không phải nói lưu loát,
Không phải sắc mặt đẹp,
Thành được người lương thiện,
Nếu ganh, tham, dối trá.”","嫉妬・
慳貪
・虚偽ある者は、弁舌の故のみを以て、或いは容色の美の故を以て、端正の人たるにあらず。"
263,19,Pham Phap Tru,法住品,"“Ai cắt được, phá được
Tận gốc nhổ tâm ấy
Người trí ấy diệt sân,
Ðược gọi người hiền thiện.”",かかる〔悪徳を〕断ち、根元より絶滅し、罪過を捨棄し、賢慮ある者は、端正の人と称せらる。
264,19,Pham Phap Tru,法住品,"“Ðầu trọc, không sa môn
Nếu phóng túng, nói láo.
Ai còn đầy dục tham,
Sao được gọi sa môn?”","剃髪すといえども、戒を破り、妄語を語る者は沙門にあらず。
欲望と貪欲とを有する者、いかで沙門たるべき。"
265,19,Pham Phap Tru,法住品,"“Ai lắng dịu hoàn toàn,
Các điều ác lớn nhỏ,
Vì lắng dịu ác pháp,
Ðược gọi là Sa môn.”",大小すべての悪を鎮めたる者は諸悪を鎮めたるの故を以て、沙門と称せらる。
266,19,Pham Phap Tru,法住品,"” Chỉ khất thực nhờ người,
Ðâu phải là tỷ kheo!
Phải theo pháp toàn diện,
Khất sĩ không, không đủ.”","他人に
行乞
するの故を以て、比丘たるにあらず。
一切の法を
服膺
せる者のみ比丘なり。
〔行乞の故に〕然るにあらず。"
267,19,Pham Phap Tru,法住品,"” Ai vượt qua thiện ác,
Chuyên sống đời Phạm Hạnh,
Sống thẩm sát ở đời,
Mới xứng danh tỷ kheo.”","この世に於て善と悪とを捨て、
梵行
を修し、慎重に世を行く者は、実に比丘と称せらる。"
268,19,Pham Phap Tru,法住品,"“Im lặng nhưng ngu si,
Ðâu được gọi ẩn sĩ?
Như người cầm cán cân,
Bậc trí chọn điều lành.”","愚昧にして無知ならば、〔唯〕
寂黙
の故を以て、
牟尼
（寂黙者・賢人）たるを得ず。
賢者もし権衡を執るが如くに善を取り、"
269,19,Pham Phap Tru,法住品,"” Từ bỏ các ác pháp,
Mới thật là ẩn sĩ.
Ai thật hiểu hai đời
Mới được gọi ẩn sĩ.”","悪を退くれば、彼は牟尼なり。
彼はこれによりて牟尼なり。
この世に於て、〔善悪〕二つながら知る者は、これによりて牟尼と称せらる。"
270,19,Pham Phap Tru,法住品,"” Còn sát hại sinh linh,
Ðâu được gọi Hiền thánh.
Không hại mọi hữu tình,
Mới được gọi Hiền Thánh.”","生類を害するの故を以て、聖者たるにあらず。
一切の生類を害せざるの故を以て、聖者と称せらる。"
271,19,Pham Phap Tru,法住品,"“Chẳng phải chỉ giới cấm
Cũng không phải học nhiều,
Chẳng phải chứng thiền định,
Sống thanh vắng một mình.”",戒律・戒行のみによりても、或いはまた多聞によりても、或いは禅定の達成によりても、或いは独臥によりても、
272,19,Pham Phap Tru,法住品,"“Ta hưởng an ổn lạc,
Phàm phu chưa hưởng được.
Tỷ kheo, chớ tự tin
Khi lậu hoặc chưa diệt.”","我は凡夫の受け得ざる出家の楽に触るることなし。
比丘よ、煩悩の滅尽に達せざれば、決して意を安んずることなかれ。"
273,20,Pham Dao,道品,"“Tám chánh, đường thù thắng,
Bốn câu, lý thù thắng.
Ly tham, pháp thù thắng,
Giữa các loài hai chân,
Pháp nhãn, người thù thắng.”","諸道の中、八支（八支聖道）最も勝れ、諸諦の中、四句（
四聖諦
）最も勝れ、諸法の中、離欲最も勝れ、二足（人間）の中、具眼者〔最も勝る〕。"
274,20,Pham Dao,道品,"“Ðường này, không đường khác
Ðưa đến kiến thanh tịnh.
Nếu ngươi theo đường này,
Ma quân sẽ mê loạn.”","唯この道あるのみ、知見を浄むるに他の〔道〕あることなし。
汝らこの〔道〕を行くべし。
これ魔王を幻惑するものなり。"
275,20,Pham Dao,道品,"“Nếu người theo đường này,
Ðau khổ được đoạn tận.
Ta dạy người con đường.
Với trí, gai chướng diệt.”","汝らこの〔道〕を行かば、苦を終息せしむべし。
〔欲〕矢を除去することを悟りて、我実にこの道を説けり。"
276,20,Pham Dao,道品,"“Người hãy nhiệt tình làm,
Như Lai chỉ thuyết dạy.
Người hành trì thiền định
Thoát trói buộc Ác ma.”","汝らまさに努力すべし。
如来は説者なり。
禅定に住して〔この道を〕行く者は、魔王の
繋縛
を脱すべし。"
277,20,Pham Dao,道品,"“Tất cả hành vô thường ”
Với Tuệ, quán thấy vậy
Ðau khổ được nhàm chán;
Chính con đường thanh tịnh.”","一切の事象は無常なりと、智によりて観る時、苦を厭離す。
これ浄に至る道なり。"
278,20,Pham Dao,道品,"“Tất cả hành khổ đau
Với Tuệ quán thấy vậy,
Ðau khổ được nhàm chán;
Chính con đường thanh tịnh.”","一切の事象は苦なりと、智によりて観る時、苦を厭離す。
これ浄に至る道なり。"
279,20,Pham Dao,道品,"“Tất cả pháp vô ngã,
Với Tuệ quán thấy vậy,
Ðau khổ được nhàm chán
Chính con đường thanh tịnh.”","一切の法は
無我
なりと、智によりて観る時、苦を厭離す。
これ浄に至る道なり。"
280,20,Pham Dao,道品,"“Khi cần, không nỗ lực,
Tuy trẻ mạnh, nhưng lười
Chí nhu nhược, biếng nhác.
Với trí tuệ thụ động,
Sao tìm được chánh đạo?”","起つべき時に起たず、若く強くして怠惰に陥り、意気消沈して惰弱・
懶惰
なる者は、智によりて道を得ることなし。"
281,20,Pham Dao,道品,"“Lời nói được thận trọng,
Tâm tư khéo hộ phòng,
Thân chớ làm điều ác,
Hãy giữ ba nghiệp tịnh,
Chứng đạo Thánh nhân dạy.”","語を慎しみ、意をよく制御し、身を以て不善をなすべからず。
この三業道を浄むべし。
〔然らば〕聖仙所説の道を得ん。"
282,20,Pham Dao,道品,"“Tu Thiền, trí tuệ sanh,
Bỏ Thiền, trí tuệ diệt.
Biết con đường hai ngả
Ðưa đến hữu, phi hữu,
Hãy tự mình nỗ lực,
Khiến trí tuệ tăng trưởng.”","実に智は
瑜伽
（瞑想）より生じ、瑜伽を行ぜざれば智は滅ぶ。
この得と失との両道を知り、自ら努めて、以て智を増大せしむべし。"
283,20,Pham Dao,道品,"“Ðốn rừng không đốn cây
Từ rừng, sinh sợ hãi;
Ðốn rừng (1) và ái dục,
Tỷ kheo, hãy tịch tịnh.”","欲林を伐れ、樹木を〔伐るに止まる〕なかれ。
欲林より畏怖生ず。
欲林と欲叢とを伐りて、比丘らよ、欲林より脱せよ。"
284,20,Pham Dao,道品,"“Khi nào chưa cắt tiệt,
Ái dục giữa gái trai,
Tâm ý vẫn buộc ràng,
Như bò con vú mẹ.”","男子の女子に対する欲情、いささかなりとも断たれざる間は、彼の心は
繋縛
せらる、あたかも乳を飲む子牛の母牛に於けるが如く。"
285,20,Pham Dao,道品,"“Tự cắt dây ái dục,
Như tay bẻ sen thu,
Hãy tu đạo tịch tịnh,
Niết-Bàn, Thiện Thệ dạy.”","自己に対する愛を断つこと、秋の蓮を手にて〔折るが〕如くせよ。
寂静の道のみを固守せよ。
涅槃は
善逝
（仏陀）により説かれたり。"
286,20,Pham Dao,道品,"“Mùa mưa ta ở đây
Ðông, hạ cũng ở đây,
Người ngu tâm tưởng vậy,
Không tự giác hiểm nguy.”",「我雨期にはここに住せん、冬と夏とはここに〔住せん〕」と、愚者は思惟して、死の〔至る〕を覚らず。
287,20,Pham Dao,道品,"“Người tâm ý đắm say
Con cái và súc vật,
Tử thần bắt người ấy,
Như lụt trôi làng ngủ. ”","子と家畜とに惑溺し、その心これに執着せる人を、死は捉え去る、あたかも眠れる村落を、瀑流の〔
漂蕩
し去る〕が如く。"
288,20,Pham Dao,道品,"“Một khi tử thần đến,
Không có con che chở,
Không cha, không bà con,
Không thân thích che chở.”","子も救うあたわず、父も親戚もまた〔救うあたわず〕。
死に捉えられし者を救うは、親族もなすあたわざる所なり。"
289,20,Pham Dao,道品,"“Biết rõ ý nghĩa này,
Bậc trí lo trì giới,
Mau lẹ làm thanh tịnh,
Con đường đến Niết-Bàn.”",この義を知りて、賢者は戒により制御し、涅槃に至る道を速やかに浄むべし。
290,21,Pham Tap Luc,雑品,"“Nhờ từ bỏ lạc nhỏ,
Thấy được lạc lớn hơn,
Bậc trí bỏ lạc nhỏ,
Thấy được lạc lớn hơn.”",もし小楽を捨つるによりて、大楽を見得るとせば、賢者は大楽を見つつ、小楽を捨つべし。
291,21,Pham Tap Luc,雑品,"“Gieo khổ đau cho người,
Mong cầu lạc cho mình,
Bị hận thù buộc ràng
Không sao thoát hận thù.”","他人に苦を与えて自己の楽を望む。
かかる者は怨憎の
繋縛
に捉われて、怨憎より脱することなし。"
292,21,Pham Tap Luc,雑品,"“Việc đáng làm, không làm,
Không đáng làm, lại làm,
Người ngạo mạn, phóng dật,
Lậu hoặc ắt tăng trưởng.”",為すべきことを等閑にし、為すべからざることを為し、傲慢にして放逸なる者には煩悩増長す。
293,21,Pham Tap Luc,雑品,"“Người siêng năng cần mẫn,
Thường thường quán thân niệm,
Không làm việc không đáng,
Gắng làm việc đáng làm,
Người tư niệm giác tỉnh,
Lậu hoặc được tiêu trừ.”",常に身を念じ、為すべからざることを為さず、為すべきことを為してたゆまず、憶念あり思慮ある人には、煩悩終息す。
294,21,Pham Tap Luc,雑品,"“Sau khi giết mẹ cha,
Giết hai Vua Sát lỵ,
Giết vương quốc, quần thần
Vô ưu, phạm chí sống.”","母（愛欲）と父（我慢）とを殺し、
刹帝利族
の二王（断見・常見）を〔殺し〕、王国（十二処）とその従臣（喜貪）とを殺して、婆羅門は苦患なく行く。"
295,21,Pham Tap Luc,雑品,"“Sau khi giết mẹ cha,
Hai vua Bà-la-môn,
Giết hổ tướng thứ năm
Vô ưu, phạm chí sống.”",母と父とを殺し、婆羅門族の二王（断見・常見）を〔殺し〕、虎〔将〕を第五とするもの（五蓋、虎＝疑蓋）を殺して、婆羅門は苦患なく行く。
296,21,Pham Tap Luc,雑品,"“Ðệ tử Gotama,
Luôn luôn tự tỉnh giác
Vô luận ngày hay đêm,
Tưởng Phật Ðà thường niệm.”","瞿曇
（釈尊）の弟子は常によく覚醒し、昼も夜も常に仏を念ず。"
297,21,Pham Tap Luc,雑品,"“Ðệ tử Gotama,
Luôn luôn tự tỉnh giác,
Vô luận ngày hay đêm,
Tưởng Chánh Pháp thường niệm”",瞿曇の弟子は常によく覚醒し、昼も夜も常に法を念ず。
298,21,Pham Tap Luc,雑品,"“Ðệ tử Gotama,
Luôn luôn tự tỉnh giác,
Vô luận ngày hay đêm,
Tưởng Tăng Già thường niệm.”",瞿曇の弟子は常によく覚醒し、昼も夜も常に僧を念ず。
299,21,Pham Tap Luc,雑品,"“Ðệ tử Gotama,
Luôn luôn tự tỉnh giác,
Vô luận ngày hay đêm,
Tưởng sắc thân thường niệm.”",瞿曇の弟子は常によく覚醒し、昼も夜も常に身を念ず。
300,21,Pham Tap Luc,雑品,"“Ðệ tử Gotama,
Luôn luôn tự tỉnh giác,
Vô luận ngày hay đêm,
Ý vui niềm bất hại.”",瞿曇の弟子は常によく覚醒し、昼も夜も不殺生を念ず。
301,21,Pham Tap Luc,雑品,"“Ðệ tử Gotama,
Luôn luôn tự tỉnh giác,
Vô luận ngày hay đêm,
Ý vui tu thiền quán.”","瞿曇の弟子は常によく覚醒し、昼も夜も
静慮
によりて心楽しむ。"
302,21,Pham Tap Luc,雑品,"“Vui hạnh xuất gia khó,
Tại gia sinh hoạt khó,
Sống bạn không đồng, khổ,
Trôi lăn luân hồi, khổ,
Vậy chớ sống luân hồi,
Chớ chạy theo đau khổ.”","出家の生活は難くして楽しみ難し。
在家の生活も難くして苦なり。
同輩と共に住むは苦なり。
〔輪廻の〕遍歴者は苦に陥る。
故に遍歴者たるべからず。
然らば苦に陥ることなからん。"
303,21,Pham Tap Luc,雑品,"“Tín tâm, sống giới hạnh
Ðủ danh xưng tài sản,
Chỗ nào người ấy đến,
Chỗ ấy được cung kính.”",信あり、戒を具し、誉と財とを得たる者は、いかなる所に赴くも、至る所に於て尊敬せらる。
304,21,Pham Tap Luc,雑品,"“Người lành dầu ở xa
Sáng tỏ như núi tuyết,
Người ác dầu ở gần
Như tên bắn đêm đen.”",遠方にあるとも善人は、輝くことヒマラヤ山の如く、近隣にあるとも不善者は、見えざること夜陰に放たれし矢の如し。
305,21,Pham Tap Luc,雑品,"“Ai ngồi nằm một mình.
Ðộc hành không buồn chán,
Tự điều phục một mình
Sống thoải mái rừng sâu.”","独り臥し、独り行きて倦まず、独り自己を
調御
して林中に楽しむものたるべし。"
306,22,Pham Dia Nguc,地獄品,"“Nói láo đọa địa ngục
Có làm nói không làm,
Cả hai chết đồng đẳng,
Làm người, nghiệp hạ liệt.”","不実を語る者は地獄に堕す。
或いはまた〔自ら〕為して、我為さずと言う者も〔地獄に堕す〕。
これら両種の悪業者は、死後他世（地獄）に於て同等なり。"
307,22,Pham Dia Nguc,地獄品,"“Nhiều người khoác cà sa,
Ác hạnh không nhiếp phục.
Người ác, do ác hạnh,
Phải sanh cõi Ðịa ngục.”","袈裟を頸に纒うも、悪を行い節制なき者多し。
かかる悪人はその悪業によりて地獄に堕す。"
308,22,Pham Dia Nguc,地獄品,"“Tốt hơn nuốt hòn sắt
Cháy đỏ như than hồng,
Hơn ác giới, buông lung
Ăn đồ ăn quốc độ.”",破戒・無節制にして、国民の施食を受くるよりは、むしろ火炎の如く灼熱せる鉄丸を食うこそ勝れ。
309,22,Pham Dia Nguc,地獄品,"“Bốn nạn chờ đợi người,
Phóng dật theo vợ người;
Mắc họa, ngủ không yên,
Bị chê là thứ ba,
Ðọa địa ngục, thứ bốn.”","放逸にして他人の妻を犯す人は、〔次の〕四事に達す。
罪業を得ること、安臥せざること、第三に誹謗、第四に地獄。"
310,22,Pham Dia Nguc,地獄品,"“Mắc họa, đọa ác thú,
Bị hoảng sợ, ít vui.
Quốc vương phạt trọng hình.
Vậy chớ theo vợ người.”","〔彼は〕罪業を得、また悪趣〔に堕す〕。
かつ怯えたる〔男〕と怯えたる〔女〕との淫楽は少なし。
王もまた〔これに〕酷しき刀杖を加う。
されば人は他人の妻を犯すべからず。"
311,22,Pham Dia Nguc,地獄品,"“Như cỏ sa (1) vụng nắm,
Tất bị họa đứt tay
Hạnh Sa môn tà vạy,
Tất bị đọa địa ngục.”",掴みそこねし茅草の手を切る如く、修行を誤れる沙門道は人を地獄に導く。
312,22,Pham Dia Nguc,地獄品,"“Sống phóng đãng buông lung,
Theo giới cấm ô nhiễm,
Sống Phạm hạnh đáng nghi
Sao chứng được quả lớn?","懈怠
の行為、汚れたる戒行、逡巡せる
梵行
、かかるものに大果なし。"
313,22,Pham Dia Nguc,地獄品,"“Cần phải làm, nên làm
Làm cùng tận khả năng
Xuất gia sống phóng đãng,
Chỉ tăng loạn bụi đời.”","もし為すべくんばこれを為し、断固としてこれを遂行すべし。
懈怠
の遊行者は更に多くの欲塵を散ずるのみ。"
314,22,Pham Dia Nguc,地獄品,"“Ác hạnh không nên làm,
Làm xong, chịu khổ lụy,
Thiện hạnh, ắt nên làm,
Làm xong, không ăn năn.”","悪業は為さざるこそ勝れ、後に至りて悪業は人〔人を〕苦しむ。
善業は為すこそ勝れ、そを為して苦しむことなし。"
315,22,Pham Dia Nguc,地獄品,"“Như thành ở biên thùy,
Trong ngoài đều phòng hộ
Cũng vậy, phòng hộ mình,
Sát na chớ buông lung.
Giây phút qua, sầu muộn.
Khi rơi vào địa ngục.”","辺境の城を内外共に護るが如く、自己を護るべし。
一刹那も〔ゆるがせに〕過ぎ去らしむることなかれ。
刹那をゆるがせにせる者は、地獄に至りて憂患を受く。"
316,22,Pham Dia Nguc,地獄品,"“Không đáng hổ, lại hổ.
Việc đáng hổ, lại không.
Do chấp nhận tà kiến,
Chúng sanh đi ác thú.”",恥ずべからざるを恥じ、恥ずべきを恥じず、邪見を抱ける衆生は悪趣に至る。
317,22,Pham Dia Nguc,地獄品,"“Không đáng sợ, lại sợ,
Ðáng sợ, lại thấy không,
Do chấp nhận tà kiến.
Chúng sanh đi ác thú.”",怖るべからざることに恐怖を見、怖るべきことに恐怖を見ず、邪見を抱ける衆生は悪趣に至る。
318,22,Pham Dia Nguc,地獄品,"“Không lỗi, lại thấy lỗi,
Có lỗi, lại thấy không,
Do chấp nhận tà kiến,
Chúng sanh đi ác thú.”",罪なきことを罪ありと思い、罪あることを罪なしと見る、邪見を抱ける衆生は悪趣に至る。
319,22,Pham Dia Nguc,地獄品,"“Có lỗi, biết có lỗi,
Không lỗi, biết là không,
Do chấp nhận chánh kiến,
Chúng sanh đi cõi lành.”",罪ある所に罪ありと知り、また罪なき所に罪なしと〔知る〕、正見を抱ける衆生は善趣に至る。
320,23,Pham Voi,象品,"“Ta như voi giữa trận,
Hứng chịu cung tên rơi,
Chịu đựng mọi phỉ báng.
Ác giới rất nhiều người.”","象が戦場に於て、弓より放たれし矢を〔堪え忍ぶが〕如く、我は誹謗を堪え忍ばん。
多くの人は破戒者なればなり。"
321,23,Pham Voi,象品,"“Voi luyện, đưa dự hội,
Ngựa luyện, được vua cưỡi,
Người luyện, bậc tối thượng
Chịu đựng mọi phỉ báng.”","〔人は〕
調御
せられたる〔象〕を戦場に導き、王は
調御
せられたる〔象〕に乗る。
誹謗を堪え忍び
調御
せられたる人は、人中の最勝者なり。"
322,23,Pham Voi,象品,"“Tốt thay, con la thuần,
Thuần chủng loài ngựa Xinh.
Ðại tượng, voi có ngà.
Tự điều mới tối thượng.”","騾の
調御
せられたるは良し、気高き信度馬（インダス河地方産の駿馬）も良し、大象もまた良し。
自己を
調御
せる人は更に良し。"
323,23,Pham Voi,象品,"“Chẳng phải loài cưỡi ấy,
Ðưa người đến Niết-Bàn,
Chỉ có người tự điều,
Ðến đích, nhờ điều phục.”","これらの牽獣によりては未到の境（涅槃）に至ることなからん、
調御
せられたる人が、よく
調御
せられたる自己を
調御
せられたる〔牽獣〕として至るが如くに。"
324,23,Pham Voi,象品,"“Con voi tên Tài Hộ,
Phát dục, khó điều phục,
Trói buộc, không ăn uống.
Voi nhớ đến rừng voi.”","ダナパーラカと名づくる象は、〔発情してこめかみより〕苦汁を分泌し、抑制し難く、縛せられて一片の〔餌〕をも食わず。
〔この〕象は象の林を念う。"
325,23,Pham Voi,象品,"“Người ưa ngủ, ăn lớn
Nằm lăn lóc qua lại,
Chẳng khác heo no bụng,
Kẻ ngu nhập thai mãi.”","懶惰
にして大食し、惰眠を貪りて
輾転
として臥し、穀類に飽満せる大豚の如くならば、〔かかる〕愚者は再々胞胎に入る（すなわち輪廻す）。"
326,23,Pham Voi,象品,"“Trước tâm này buông lung,
Chạy theo ái, dục, lạc.
Nay Ta chánh chế ngự,
Như cầm móc điều voi.”","この心かつては望む所に従い、欲に随い楽に随いて徘徊せり。
今は我全くこれを制御せん、あたかも
鉤
を持てる〔象師の、発情して苦汁を〕流せる象を〔制御する〕如くに。"
327,23,Pham Voi,象品,"“Hãy vui không phóng dật,
Khéo phòng hộ tâm ý.
Kéo mình khỏi ác đạo,
Như voi bị sa lầy.”","汝ら不放逸を楽しめ、自己の心を護れ。
自己を難処（煩悩）より救出せよ、あたかも泥中に陥れる象の如くに。"
328,23,Pham Voi,象品,"“Nếu được bạn hiền trí
Ðáng sống chung, hạnh lành,
Nhiếp phục mọi hiểm nguy
Hoan hỷ sống chánh niệm.”","もし思慮に富み、正しく行い、賢明なる同行の伴侶を得ば、一切の危難を征服し、熟慮して
欣然
彼と共に行くべし。"
329,23,Pham Voi,象品,"“Không gặp bạn hiền trí.
Ðáng sống chung, hạnh lành
Như vua bỏ nước bại,
Hãy sống riêng cô độc,
Như voi sống rừng voi.”",もし思慮に富み、正しく行い、賢明なる同行の伴侶を得ざれば、独り行くべし、あたかも征服せられたる国土を捨てし王の如く、林中に於ける象の如くに。
330,23,Pham Voi,象品,"“Tốt hơn sống một mình,
Không kết bạn người ngu.
Ðộc thân, không ác hạnh
Sống vô tư vô lự,
Như voi sống rừng voi.”","独り行くこそ勝れ、愚者は断じて伴侶となすべからず。
独り行くべし、悪事を為すべからず、少欲なることあたかも林中に於ける象の如くに。"
331,23,Pham Voi,象品,"“Vui thay, bạn lúc cần!
Vui thay, sống biết đủ,
Vui thay, chết có đức!
Vui thay, mọi khổ đoạn.”","事の起こりし時に友は楽しく、満足はいかなる場合にも楽し。
生命の尽くる時に善業は楽しく、一切の苦を捨つるは楽し。"
332,23,Pham Voi,象品,"“Vui thay, hiếu kính mẹ,
Vui thay, hiếu kính cha,
Vui thay, kính Sa môn,
Vui thay, kính Hiền Thánh.”","世に母を敬うは楽しく、父を敬うもまた楽し。
世に〔真の〕沙門たることは楽しく、〔真の〕婆羅門たることもまた楽し。"
333,23,Pham Voi,象品,"“Vui thay, già có giới!
Vui thay, tín an trú!
Vui thay, được trí tuệ,
Vui thay, ác không làm.”","老に至るまで戒を持するは楽しく、安立せる信仰は楽し。
智慧を得るは楽しく、悪をなさざるは楽し。"
334,24,Pham Tham Ai,愛欲品,"“Người sống đời phóng dật,
Ái tăng như giây leo.
Nhảy đời này đời khác,
Như vượn tham quả rừng.”","放逸に行う人の愛欲はつる草の如く増長す。
彼は生より生に漂う、あたかも林中に果実を求むる猿の如くに。"
335,24,Pham Tham Ai,愛欲品,"“Ai sống trong đời này,
Bị ái dục buộc ràng
Sầu khổ sẽ tăng trưởng,
Như cỏ Bi gặp mưa.”","この世に於て、この猛悪にして
纏綿
たる愛欲に征服せられたる人には、雨を受けたるビーラナ草の如く、その憂患増長す。"
336,24,Pham Tham Ai,愛欲品,"“Ai sống trong đời này
Ái dục được hàng phục
Sầu rơi khỏi người ấy
Như giọt nước lá sen.”",この世に於て、この猛悪にして克服し難き愛欲を征服したる人には、蓮葉より水滴の〔落つる〕如く、憂患彼より去る。
337,24,Pham Tham Ai,愛欲品,"“Ðây điều lành Ta dạy,
Các người tụ họp đây.
Hãy nhổ tận gốc ái
Như nhổ gốc cỏ Bi.
Chớ để ma phá hoại,
Như giòng nước cỏ lau.”","我この善事を汝らに告ぐ。
ここに集まれる汝らは、ウシーラ香（ビーラナ草の根）を求むる者のビーラナ草を〔掘る〕如く、愛欲の根を掘るべし。
流水の葦を〔損なう〕如く、魔王をして再々汝らを壌らしむることなかれ。"
338,24,Pham Tham Ai,愛欲品,"“Như cây bị chặt đốn,
Gốc chưa hại vẫn bền
Ái tùy miên chưa nhổ,
Khổ này vẫn sanh hoài.”",樹根損なわれずして固ければ、樹は伐らるるとも再び生ずるが如く、愛欲の執着断たれざれば、この苦（生死の苦）は再々生起す。
339,24,Pham Tham Ai,愛欲品,"“Ba mươi sáu dòng Ái (1),
Trôi người đốn khả ái.
Các tư tưởng tham ái.
Cuốn trôi người tà kiến.”","その三十六流（内外各十八の愛欲）水勢盛んに快楽に向かいて流るる邪見者を、この奔流〔すなわち〕貪欲に執着せる意思は
漂蕩
し去る。"
340,24,Pham Tham Ai,愛欲品,"“Dòng ái dục chảy khắp,
Như giây leo mọc tràn,
Thấy giây leo vừa sanh,
Với tuệ, hãy đoạn gốc.”","〔愛欲の〕流れは至る所に流れ、〔その〕つるは芽を発して茂る。
このつるの生ずるを見ば、智慧を以てその根を断て。"
341,24,Pham Tham Ai,愛欲品,"“Người đời nhớ ái dục,
Ưa thích các hỷ lạc.
Tuy mong cầu an lạc,
Họ vẫn phải sanh già.”","人の喜悦は奔放にして、かつ愛着す。
歓楽に耽り快楽を求むる人、かかる人は実に生と老とを受く。"
342,24,Pham Tham Ai,愛欲品,"“Người bị ái buộc ràng,
Vùng vẫy và hoảng sợ,
Như thỏ bị sa lưới.
Họ sanh ái trói buộc,
Chịu khổ đau dài dài.”","愛欲に満たされたる人は、罠に係れる兎の如く馳せ回る。
繋縛
と執着とに捉えられ、久しき間再々苦を受く。"
343,24,Pham Tham Ai,愛欲品,"“Người bị ái buộc ràng,
Vùng vẫy và hoảng sợ,
Như thỏ bị sa lưới.
Do vậy vị tỷ kheo,
Mong cầu mình ly tham
Nên nhiếp phục ái dục.”","愛欲に満たされたる人は、罠に係れる兎の如く馳せ回る。
故に比丘は自己の離欲を望みて愛欲を除くべし。"
344,24,Pham Tham Ai,愛欲品,"“Lìa rừng lại hướng rừng (2)
Thoát rừng chạy theo rừng.
Nên xem người như vậy,
Ðược thoát khỏi buộc ràng.
Lại chạy theo ràng buộc.”","欲林を出でて欲林に心を傾け、欲林を脱してまた欲林に走る者、実にこの人を見よ。
彼は〔
繋縛
を〕脱してまた
繋縛
に走るなり。"
345,24,Pham Tham Ai,愛欲品,"“Sắt, cây, gai trói buộc
Người trí xem chưa bền.
Tham châu báu, trang sức
Tham vọng vợ và con.”","賢者は、鉄・木または草よりなる縄縛を堅牢なりと言わず。
珠・環・妻・子に対する恋着こそ極めて強し。"
346,24,Pham Tham Ai,愛欲品,"“Người có trí nói rằng:
“Trói buộc này thật bền.
Rì kéo xuống, lún xuống,
Nhưng thật sự khó thoát.
Người trí cắt trừ nó,
Bỏ dục lạc, không màng.”","賢者は、この牽引力に富み、弛くしてしかも脱し難き縄縛を堅牢なりと言う。
この〔縄〕を断ちて恋着なき人は、欲楽を捨てて出家す。"
347,24,Pham Tham Ai,愛欲品,"“Người đắm say ái dục
Tự lao mình xuống dòng
Như nhện sa lưới dệt.
Người trí cắt trừ nó,
Bỏ mọi khổ, không màng.”","貪欲に執着する者は、〔欲の〕流れに随いて行くこと、蜘蛛の自ら作れる網に〔随うが〕如し。
これを断ちて恋着なき賢者は一切の苦を捨てて遊行す。"
348,24,Pham Tham Ai,愛欲品,"“Bỏ quá, hiện, vị lai,
Ðến bờ kia cuộc đời,
Ý giải thoát tất cả,
Chớ vướng lại sanh già.”","有
の彼岸に達し、
前
（未来の煩悩）を離れよ、後（過去の煩悩）を離れよ、中（現在の煩悩）を離れよ。
意一切処に於て解脱せば、汝は再び生と老とを受くることなし。"
349,24,Pham Tham Ai,愛欲品,"“Người tà ý nhiếp phục,
Tham sắc bén nhìn tịnh,
Người ấy ái tăng trưởng,
Làm giây trói mình chặt.”","疑惑に擾乱せられ、貪欲熾烈にして享楽を事とする人の愛欲は、ますます増長す。
かかる人は実に〔その〕
繋縛
を堅くす。"
350,24,Pham Tham Ai,愛欲品,"“Ai vui, an tịnh ý,
Quán bất tịnh, thường niệm,
Người ấy sẽ diệt ái,
Cắt đứt Ma trói buộc.”","疑惑の静止を喜び、身の不浄を観じ、常に熟慮する人は、実に魔王の
繋縛
を除かん、彼はこれを断たん。"
351,24,Pham Tham Ai,愛欲品,"“Ai tới đích, không sợ,
Ly ái, không nhiễm ô
Nhổ mũi tên sanh tử,
Thân này thân cuối cùng.”","円成
の境に達して畏怖なく、愛欲を離れて罪穢なく、
有
の矢を断てり。
これ〔その〕最後身なり（すなわち更に輪廻せず）。"
352,24,Pham Tham Ai,愛欲品,"“Ái lìa, không chấp thủ.
Cú pháp khéo biện tài
Thấu suốt từ vô ngại,
Hiểu thứ lớp trước sau.
Thân này thân cuối cùng
Vị như vậy được gọi,
Bậc Ðại trí, đại nhân.”","愛欲を離れて執着なく、聖典の語義に
通暁
し、前後の順序に従いて配列せられたる文字（聖典の文句）を知る人は、実に最後身を具する者にして、大智者・大丈夫と称せらる。"
353,24,Pham Tham Ai,愛欲品,"“Ta hàng phục tất cả,
Ta rõ biết tất cả,
Không bị nhiễm pháp nào.
Ta từ bỏ tất cả
Ái diệt, tự giải thoát.
Ðã tự mình thắng trí,
Ta gọi ai thầy ta?”","我は一切を征服し、一切を知悉し、一切の法に於て汚さるることなし。
一切を捨て愛欲を滅して解脱せり。
自ら悟りて誰をか〔師と〕いわん。"
354,24,Pham Tham Ai,愛欲品,"“Pháp thí, thắng mọi thí!
Pháp vị, thắng mọi vị!
Pháp hỷ, thắng mọi hỷ!
Ái diệt, dứt mọi khổ!”",法施は一切の施に勝ち、法味は一切の味に勝ち、法楽は一切の楽に勝ち、愛欲の滅尽は一切の苦に勝つ。
355,24,Pham Tham Ai,愛欲品,"“Tài sản hại người ngu.
Không người tìm bờ kia
Kẻ ngu vì tham giàu,
Hại mình và hại người.”","財は愚者を滅ぼし、決して彼岸を求むる者を〔滅ぼさ〕ず。
愚者は財欲によりて自己を滅ぼすこと、他人を〔滅ぼすが〕如し。"
356,24,Pham Tham Ai,愛欲品,"“Cỏ làm hại ruộng vườn,
Tham làm hại người đời.
Bố thí người ly tham,
Do vậy được quả lớn.”","田は雑草により損なわれ、この世の衆生は貪欲により損なわる。
されば貪欲を離れし人への施与は大果報あり。"
357,24,Pham Tham Ai,愛欲品,"“Cỏ làm hại ruộng vườn,
Sân làm hại người đời.
Bố thí người ly sân,
Do vậy được quả lớn.”","田は雑草により損なわれ、この世の衆生は
瞋恚
により損なわる。
されば瞋恚を離れし人への施与は大果報あり。"
358,24,Pham Tham Ai,愛欲品,"“Cỏ làm hại ruộng vườn,
Si làm hại người đời,
Bố thí người ly si,
Do vậy được quả lớn.”","田は雑草により損なわれ、この世の衆生は愚痴により損なわる。
されば愚痴を離れし人への施与は大果報あり。"
359,24,Pham Tham Ai,愛欲品,"“Cỏ làm hại ruộng vườn,
Dục làm hại người đời.
Bố thí người ly dục,
Do vậy được quả lớn.”","田は雑草により損なわれ、この世の衆生は欲望により損なわる。
されば欲望を離れし人への施与は大果報あり。"
360,25,Pham Ty Kheo,比丘品,"“Lành thay, phòng hộ mắt!
Lành thay, phòng hộ tai.
Lành thay, phòng hộ mũi,
Lành thay, phòng hộ lưỡi.”","眼を制するは善し。
耳を制するは善し。
鼻を制するは善し。
舌を制するは善し。"
361,25,Pham Ty Kheo,比丘品,"“Lành thay,phòng hộ thân!
Lành thay, phòng hộ lời,
Lành thay, phòng hộ ý.
Lành thay, phòng tất cả.
Tỷ kheo phòng tất cả.
Thoát được mọi khổ đau.”","身を制するは善し。
語を制するは善し。
意を制するは善し。
一切に於て制するは善し。
一切に於て制したる比丘は一切の苦より脱す。"
362,25,Pham Ty Kheo,比丘品,"“Người chế ngự tay chân,
Chế ngự lời và đầu,
Vui thích nội thiền định.
Ðộc thân, biết vừa đủ,
Thật xứng gọi tỷ kheo.”",手を慎み、足を慎み、語を慎み、最もよく慎み、内心に喜び、三昧に住し、独居して満足する者、これを比丘と称す。
363,25,Pham Ty Kheo,比丘品,"“Tỷ kheo chế ngự miệng,
Vừa lời, không cống cao,
Khi trình bày pháp nghĩa,
Lời lẽ dịu ngọt ngào.”",口を慎み、語る所賢明に、寂静にして正理と正法とを明らかにする比丘は、その説く所甘美なり。
364,25,Pham Ty Kheo,比丘品,"“Vị tỷ kheo thích Pháp,
Mến pháp, suy tư Pháp.
Tâm tư niệm chánh Pháp,
Không rời bỏ chánh Pháp.”",法を楽園とし、法を楽しみ、法に随って思惟し、法を憶念する比丘は、正法より退堕することなし。
365,25,Pham Ty Kheo,比丘品,"“Không khinh điều mình được,
Không ganh người khác được
Tỷ kheo ganh tị người,
Không sao chứng Thiền Ðịnh.”","自己の所得を軽んずべからず。
他を羨むべからず。
他を羨む比丘は三昧に入ることなし。"
366,25,Pham Ty Kheo,比丘品,"“Tỷ kheo dầu được ít,
Không khinh điều mình được,
Sống thanh tịnh không nhác,
Chư thiên khen vị này.”","たとい得る所少しといえども、比丘もし自己の所得を軽んぜざれば、諸天も実に、〔この〕生活清浄にして
懈怠
なき者を称讃す。"
367,25,Pham Ty Kheo,比丘品,"“Hoàn toàn, đối danh sắc,
Không chấp Ta, của Ta.
Không chấp, không sầu não.
Thật xứng danh Tỷ kheo.”","名色
（精神・物質）に於て全く我執なく、かつ〔その〕非有の故に憂えざる者は、実に比丘と称せらる。"
368,25,Pham Ty Kheo,比丘品,"“Tỷ kheo trú từ bi,
Tín thành giáo Pháp Phật,
Chứng cảnh giới tịch tỉnh.
Các hạnh an tịnh lạc.”","慈悲
に住し、仏陀の教えを信ずる比丘は、寂静にして諸行静止せる安楽境に至るべし。"
369,25,Pham Ty Kheo,比丘品,"“Tỷ kheo, tát thuyền này,
Thuyền không, nhẹ đi mau.
Trừ tham, diệt sân hận,
Tất chứng đạt Niết-Bàn.”","比丘よ、この舟〔の水〕（身中の邪念）を汲み出せ、〔水〕汲み出されなば、〔舟は〕汝の為に疾く進まん。
貪欲と
瞋恚
とを断たば汝は涅槃に至らん。"
370,25,Pham Ty Kheo,比丘品,"“Ðoạn năm (1), từ bỏ năm (2),
Tu tập năm (3) tối thượng,
Tỷ kheo cắt năm trói (4),
Xứng danh vượt “bộc lưu” (5).”","五を断つべし、五を捨つべし、而してよく五を勤修すべし。
五著を超越せる比丘は、瀑流（煩悩）を渡れる者と称せらる。"
371,25,Pham Ty Kheo,比丘品,"“Tỷ kheo, hãy tu thiền,
Chớ buông lung phóng dật,
Tâm chớ đắm say dục,
Phóng dật, nuốt sắt nóng
Bị đốt, chớ than khổ!”","比丘よ、禅定を修せよ。
放逸なるなかれ。
汝の心を愛欲に迷い行かしむることなかれ。
放逸にして〔熱〕鉄丸を呑むなかれ。
焼かれつつ「こは苦なり」と叫ぶことなかれ。"
372,25,Pham Ty Kheo,比丘品,"“Không trí tuệ, không thiền,
Không thiền, không trí tuệ.
Người có thiền có tuệ,
Nhất định gần Niết-Bàn.”","智慧なき者に禅定なく、禅定なき者に智慧なし。
禅定と智慧とを備えたる者は、実に涅槃に近づけるなり。"
373,25,Pham Ty Kheo,比丘品,"“Bước vào ngôi nhà trống,
Tỷ kheo tâm an tịnh,
Thọ hưởng vui siêu nhân
Tịnh quán theo chánh pháp.”",空屋（閑寂処）に入りて心寂静に、正しく法を観ずる比丘は、人界になき楽を受く。
374,25,Pham Ty Kheo,比丘品,"“Người luôn luôn chánh niệm,
Sự sanh diệt các uẩn,
Ðược hoan hỷ, hân hoan,
Chỉ bậc bất tử biết.”",人もし諸蘊の生滅を思念すれば、忽ち、不死（涅槃）を知得せし人の歓喜と悦楽とを獲得す。
375,25,Pham Ty Kheo,比丘品,"“Ðây Tỷ kheo có trí,
Tụ tập pháp căn bản
Hộ căn, biết vừa đủ,
Giữ gìn căn bản giới,
Thường gần gũi bạn lành,
Sống thanh tịnh tinh cần.”","こは現世に於て、智慧ある比丘の最初に〔為すべきこと〕なり。
〔すなわち〕諸根を摂護し、満足し、戒律に従いて制御し、生活清浄にして倦むことなき良友と交われ。"
376,25,Pham Ty Kheo,比丘品,"“Giao thiệp khéo thân thiện,
Cử chỉ mực đoan trang.
Do vậy hưởng vui nhiều,
Sẽ dứt mọi khổ đau.”","好誼を尽くすべし、善行を全うすべし。
これによりて悦楽多く、苦を滅尽するに至らん。"
377,25,Pham Ty Kheo,比丘品,"“Như hoa Vassikà (6),
Quăng bỏ cánh úa tàn,
Cũng vậy vị Tỷ kheo,
Hãy giải thoát tham sân.”","ヴァッシカー草が萎みし花を振るい落とすが如く、比丘らよ、貪欲と
瞋恚
とを捨てよ。"
378,25,Pham Ty Kheo,比丘品,"“Thân tịnh, lời an tịnh,
An tịnh, khéo thiền tịnh.
Tỷ kheo bỏ thế vật,
Xứng danh “bậc tịch tịnh “.",身を静め、語を静め、寂静にしてよく三昧に住し、世俗の快楽を捨棄せる比丘は、寂静者と称せらる。
379,25,Pham Ty Kheo,比丘品,"“Tự mình chỉ trích mình,
Tự mình dò xét mình,
Tỷ kheo tự phòng hộ
Chánh niệm, trú an lạc.”","自ら自己を励まし、自ら自己を省察すべし。
自ら摂護し、正念を持せば、比丘よ、汝は安楽に住せん。"
380,25,Pham Ty Kheo,比丘品,"“Tự mình y chỉ mình,
Tự mình đi đến mình,
Vậy hãy tự điều phục,
Như khách buôn ngựa hiền.”","実に自己は自己の主にして、自己は自己の依所なり。
故に自己を制御せよ、あたかも
商賈
の良馬を〔
調御
する〕如く。"
381,25,Pham Ty Kheo,比丘品,"“Tỷ kheo nhiều hân hoan,
Tịnh tín giáo pháp Phật,
Chứng cảnh giới tịch tịnh,
Các hạnh an tịnh lạc.”",悦楽多く、仏陀の教えを信ずる比丘は、寂静にして諸行静止せる安楽境に至るべし。
382,25,Pham Ty Kheo,比丘品,"“Tỷ kheo tuy tuổi nhỏ
Siêng tu giáo pháp Phật,
Soi sáng thế gian này,
Như trăng thoát khỏi mây.”",たとい年少なりといえども、仏陀の教えに精勤する比丘は、雲を離れし月の如くこの世を照らす。
383,26,Pham Ba La Mon,婆羅門品,"“Hỡi này Bà là môn,
Hãy tinh tấn đoạn dòng,
Từ bỏ các dục lạc,
Biết được hành đoạn diệt,
Người là bậc vô vi.”","婆羅門よ、勇敢に〔欲の〕流れを断て、諸欲を去れ。
万象の滅尽を知りて汝は無作（涅槃）を知る。"
384,26,Pham Ba La Mon,婆羅門品,"“Nhờ thường trú hai pháp (1)
Ðến được bờ bên kia.
Bà-la-môn có trí,
Mọi kiết sử dứt sạch.”","婆羅門もし二法（止観）に於て彼岸に達すれば、この智者に一切の
繋縛
は終息す。"
385,26,Pham Ba La Mon,婆羅門品,"“Không bờ này, bờ kia (2)
Cả hai bờ không có,
Lìa khổ, không trói buộc
Ta gọi Bà-la-môn.”","彼岸（来世）も此岸（現世）もなく、彼此両岸もなく、畏怖を去り、
繋縛
を捨てたる人、我はこれを婆羅門と呼ぶ。"
386,26,Pham Ba La Mon,婆羅門品,"“Tu thiền, trú ly trần
Phận sự xong, vô lậu,
Ðạt được đích tối thượng,
Ta gọi Bà-la-môn.”",禅定に入り、垢穢なく安住し、為すべきをなし、煩悩を去り、最上義（阿羅漢果）に達せる人、我はこれを婆羅門と呼ぶ。
387,26,Pham Ba La Mon,婆羅門品,"“Mặt trời sáng ban ngày,
Mặt trăng sáng ban đêm.
Khí giới sáng Sát lỵ,
Thiền định sáng Phạm chí.
Còn hào quang đức Phật,
Chói sáng cả ngày đêm.”","日は昼に輝き、月は夜に照らし、
刹帝利
は武装して輝き、婆羅門は禅定に入りて輝く。
されど仏陀はその光明により、全昼夜に輝く。"
388,26,Pham Ba La Mon,婆羅門品,"“Dứt ác gọi Phạm chí,
Tịnh hạnh gọi Sa môn,
Tự mình xuất cấu uế,
Nên gọi bậc xuất gia.”","婆羅門とは悪業を除ける者の意にして、行う所寂静なるが故に沙門と称せらる。
自己の垢穢を去る者は、これによりて出家と称せらる。"
389,26,Pham Ba La Mon,婆羅門品,"“Chớ có đập Phạm chí!
Phạm chí chớ đập lại!
Xấu thay đập Phạm chí
Ðập trả lại xấu hơn!”","婆羅門を打つべからず。
〔打たるるも〕婆羅門はこれに敵対すべからず。
婆羅門を打つ者に災いあれ。
〔打たれて〕これに敵対する者に、更に災いあれ。"
390,26,Pham Ba La Mon,婆羅門品,"“Ðối với Bà-la-môn,
Ðây (3) không lợi ích nhỏ.
Khi ý không ái luyến,
Tâm hại được chận đứng,
Chỉ khi ấy khổ diệt,”","婆羅門もし愛好するものより心を抑制せば、彼に少なからざる利益あり。
害心の消滅するに随い、苦悩もこれに随いて静止す。"
391,26,Pham Ba La Mon,婆羅門品,"“Với người thân miệng ý,
Không làm các ác hạnh
Ba nghiệp được phòng hộ,
Ta gọi Bà-la-môn.”",身と語と意とによる悪業なく、この三処に於て抑制せる人、我はこれを婆羅門と呼ぶ。
392,26,Pham Ba La Mon,婆羅門品,"“Từ ai, biết chánh pháp
Bậc Chánh Giác thuyết giảng,
Hãy kính lễ vị ấy,
Như Phạm chí chờ lửa.”",正等覚者の説示せる法を、いかなる人より学び得たりとも、その人を恭しく敬礼すべし、あたかも婆羅門が祭火を〔敬う〕が如く。
393,26,Pham Ba La Mon,婆羅門品,"“Ðược gọi Bà-la-môn,
Không vì đầu bện tóc,
Không chủng tộc, thọ sanh,
Ai thật chân, chánh, tịnh,
Mới gọi Bà-la-môn.”","螺髻
・族・姓によりて婆羅門たるに非ず。
真実と法とを具する者、彼は幸福なり、彼はまた〔真の〕婆羅門なり。"
394,26,Pham Ba La Mon,婆羅門品,"“Kẻ ngu, có ích gì
Bện tóc với da dê,
Nội tâm toàn phiền não,
Ngoài mặt đánh bóng suông.”","愚者よ、
螺髻
汝に何の用かあらん、皮衣汝に何の用かあらん。
汝の内は〔不浄の〕密林なり。
汝は外を清掃するのみ。"
395,26,Pham Ba La Mon,婆羅門品,"“Người mặc áo đống rác,
Gầy ốm, lộ mạch gân,
Ðộc thân thiền trong rừng.
Ta gọi Bà-la-môn.”","糞掃衣
（弊衣）を着け、痩せて脈管露われ、独り林中に於て禅定を修する人、我はこれを婆羅門と呼ぶ。"
396,26,Pham Ba La Mon,婆羅門品,"“Ta không gọi Phạm Chí,
Vì chỗ sanh, mẹ sanh.
Chỉ được gọi tên suông
Nếu tâm còn phiền não.
Không phiền não, chấp trước
Ta gọi Bà-la-môn.”","我はまた、胎により母系によりて婆羅門と呼ばず。
彼は〔不遜にも世尊を〕「ボー」（「友よ」の義）と呼び、彼は実に富裕なれども執着あり。
無一物にして執着なき人、我はこれを婆羅門と呼ぶ。"
397,26,Pham Ba La Mon,婆羅門品,"“Ðoạn hết các kiết sử,
Không còn gì lo sợ
Không đắm trước buộc ràng
Ta gọi Bà-la-môn","一切の結縛を断ち、畏怖なく執着を超越し、
繋縛
を離れたる人、我はこれを婆羅門と呼ぶ。"
398,26,Pham Ba La Mon,婆羅門品,"“Bỏ đai da (4), bỏ cương (5)
Bỏ dây (6), đồ sở thuộc (7),
Bỏ then chốt (8), sáng suốt,
Ta gọi Bà-la-môn.”",紐と緒と綱とこれに属するものとを断ち、障礙を除きて覚りたる人、我はこれを婆羅門と呼ぶ。
399,26,Pham Ba La Mon,婆羅門品,"“Không ác ý, nhẫn chịu,
Phỉ báng, đánh, phạt hình,
Lấy nhẫn làm quân lực,
Ta gọi Bà-la-môn.”","罪なくして罵詈と体刑と縄縛とを忍び、
忍辱
を力とし、勇力を軍兵として有する人、我はこれを婆羅門と呼ぶ。"
400,26,Pham Ba La Mon,婆羅門品,"“Không hận, hết bổn phận,
Trì giới, không tham ái,
Nhiếp phục, thân cuối cùng,
Ta gọi Bà-la-môn.”","忿怒なく、戒を持して徳行あり、欲を離れ、
調御
して最後身に達せる人、我はこれを婆羅門と呼ぶ。"
401,26,Pham Ba La Mon,婆羅門品,"“Như nước trên lá sen,
Như hột cải đầu kim,
Người không nhiễm ái dục,
Ta gọi Bà-la-môn.”",蓮葉に於ける水の如く、錐の尖端に於ける芥子粒の如く、諸欲に染着せざる人、我はこれを婆羅門と呼ぶ。
402,26,Pham Ba La Mon,婆羅門品,"“Ai tự trên đời này,
Giác khổ, diệt trừ khổ,
Bỏ gánh nặng, giải thoát,
Ta gọi Bà-la-môn.”","既にこの世に於て、自己の苦の滅尽を悟り、重担を下ろし、
繋縛
を離れたる人、我はこれを婆羅門と呼ぶ。"
403,26,Pham Ba La Mon,婆羅門品,"“Người trí tuệ sâu xa,
Khéo biết đạo, phi đạo
Chứng đạt đích vô thượng,
Ta gọi Bà-la-môn.”",智慧深く、賢慮ありて道・非道を弁え、最上義に達せる人、我はこれを婆羅門と呼ぶ。
404,26,Pham Ba La Mon,婆羅門品,"“Không liên hệ cả hai,
Xuất gia và thế tục,
Sống độc thân, ít dục,
Ta gọi Bà-la-môn.”",在家とも出家とも、二つながら交わらず、家なく遊行し、少欲なる人、我はこれを婆羅門と呼ぶ。
405,26,Pham Ba La Mon,婆羅門品,"“Bỏ trượng, đối chúng sanh,
Yếu kém hay kiên cường,
Không giết, không bảo giết,
Ta gọi Bà-la-môn.”",弱きも強きも一切の有情の中にありて刀杖を捨て、殺すことなく、殺さしむることなき人、我はこれを婆羅門と呼ぶ。
406,26,Pham Ba La Mon,婆羅門品,"“Thân thiện giữa thù địch
Ôn hòa giữa hung hăng.
Không nhiễm, giữa nhiễm trước,
Ta gọi Bà-la-môn.”",害意ある者の中にありて害意なく、刀杖を手にせる者の中にありて温順に、執着ある者の中にありて執着なき人、我はこれを婆羅門と呼ぶ。
407,26,Pham Ba La Mon,婆羅門品,"“Người bỏ rơi tham sân,
Không mạn không ganh tị,
Như hột cải đầu kim,
Ta gọi Bà-la-môn.”","その貪欲と
瞋恚
と慢心と虚偽との脱落せること、あたかも錐の尖端より芥子粒の〔落つる〕如くなる人、我はこれを婆羅門と呼ぶ。"
408,26,Pham Ba La Mon,婆羅門品,"“Nói lên lời ôn hòa,
Lợi ích và chân thật,
Không mất lòng một ai,
Ta gọi Bà-la-môn.”",粗暴ならず、教訓的なる真実の語を発し、これによりて何者をも怒らしめざる人、我はこれを婆羅門と呼ぶ。
409,26,Pham Ba La Mon,婆羅門品,"“Ở đời, vật dài, ngắn,
Nhỏ, lớn, đẹp hay xấu
Phàm không cho không lấy,
Ta gọi Bà-la-môn.”",この世に於て、長きも短きも、小なるも大なるも、浄きも浄からざるも、与えられざるものを取らざる人、我はこれを婆羅門と呼ぶ。
410,26,Pham Ba La Mon,婆羅門品,"“Người không có hy cầu,
Ðời này và đời sau,
Không hy cầu, giải thoát,
Ta gọi Bà-la-môn.”","この世に対しても、かの世に対しても、欲望なく愛着なく、
繋縛
を離れたる人、我はこれを婆羅門と呼ぶ。"
411,26,Pham Ba La Mon,婆羅門品,"“Người không còn tham ái,
Có trí, không nghi hoặc,
Thể nhập vào bất tử,
Ta gọi Bà-la-môn.”",執着の存するなく、悟り終わりて疑惑なく、甘露（涅槃）の奥底に到達せる人、我はこれを婆羅門と呼ぶ。
412,26,Pham Ba La Mon,婆羅門品,"“Người sống ở đời này
Không nhiễm cả thiện ác,
Không sầu, sạch không bụi
Ta gọi Bà-la-môn.”",この世に於て善悪両種の執着を超脱し、憂患なく垢穢なく清浄なる人、我はこれを婆羅門と呼ぶ。
413,26,Pham Ba La Mon,婆羅門品,"“Như trăng, sạch không uế
Sáng trong và tịnh lặng,
Hữu ái, được đoạn tận,
Ta gọi Bà là môn.”",月の如く無垢・清浄・澄明にして暗影なく、快楽の生起を滅尽したる人、我はこれを婆羅門と呼ぶ。
414,26,Pham Ba La Mon,婆羅門品,"“Vượt đường nguy hiểm này,
Nhiếp phục luân hồi, si,
Ðến bờ kia thiền định
Không dục ái, không nghi,
Không chấp trước, tịch tịnh,
Ta gọi Bà-la-môn.”",この泥濘（貪欲等）と越え難き輪廻と愚痴とを越え、渡りて彼岸に達し、禅定に住し、無欲にして疑惑なく、執着を捨てて寂静なる人、我はこれを婆羅門と呼ぶ。
415,26,Pham Ba La Mon,婆羅門品,"“Ai ở đời, đoạn dục,
Bỏ nhà, sống xuất gia,
Dục hữu được đoạn tận,
Ta gọi Bà-la-môn.”",この世に於て欲楽を捨て、家なくして遊行し、欲楽の生起を滅尽したる人、我はこれを婆羅門と呼ぶ。
416,26,Pham Ba La Mon,婆羅門品,"“Ai ở đời đoạn ái
Bỏ nhà, sống xuất gia,
Ái hữu được đoạn tận,
Ta gọi Bà-la-môn.”",この世に於て愛欲を捨て、家なくして遊行し、愛欲の生起を滅尽したる人、我はこれを婆羅門と呼ぶ。
417,26,Pham Ba La Mon,婆羅門品,"“Bỏ trói buộc loài người,
Vượt trói buộc cõi trời.
Giải thoát mọi buộc ràng,
Ta gọi Bà-la-môn.”",人間の束縛を捨て、天上の束縛を脱し、一切の束縛より離れたる人、我はこれを婆羅門と呼ぶ。
418,26,Pham Ba La Mon,婆羅門品,"“Bỏ điều ưa, điều ghét,
Mát lạnh, diệt sanh y
Bậc anh hùng chiến thắng,
Nhiếp phục mọi thế giới,
Ta gọi Bà-la-môn.”",楽と不楽とを捨て、清涼にして煩悩なく、一切世界を克服せる勇者、我はこれを婆羅門と呼ぶ。
419,26,Pham Ba La Mon,婆羅門品,"“Ai hiểu rõ hoàn toàn
Sanh tử các chúng sanh,
Không nhiễm, khéo vượt qua,
Sáng suốt chân giác ngộ,
Ta gọi Bà-la-môn.”",有情の消滅と生起とを完全に知り、執着なく安泰にして覚りたる人、我はこれを婆羅門と呼ぶ。
420,26,Pham Ba La Mon,婆羅門品,"“Với ai, loài trời, người
Cùng với Càn thát bà,
Không biết chỗ thọ sanh
Lậu tận bậc La hán.
Ta gọi Bà-la-môn.”","諸天も
乾闥婆
も人間も、彼の赴く道を知らず、煩悩を滅尽して阿羅漢となりし人、我はこれを婆羅門と呼ぶ。"
421,26,Pham Ba La Mon,婆羅門品,"“Ai quá, hiện, vị lai
Không một sở hữu gì,
Không sở hữu không nắm,
Ta gọi Bà-la-môn.”",前（過去）にも、後（未来）にも、中（現在）にも何物をも有せず、無一物にして執着なき人、我はこれを婆羅門と呼ぶ。
422,26,Pham Ba La Mon,婆羅門品,"“Bậc trâu chúa, thù thắng
Bậc anh hùng, đại sĩ,
Bậc chiến thắng, không nhiễm,
Bậc tẩy sạch, giác ngộ,
Ta gọi Bà-la-môn.”",雄牛〔の如く強く〕、最も勝れ、勇者にして大仙、勝利に富み、無欲にして〔心垢を〕洗滌し、覚りたる人、我はこれを婆羅門と呼ぶ。
423,26,Pham Ba La Mon,婆羅門品,"“Ai biết được đời trước,
Thấy thiên giới, đọa xứ,
Ðạt được sanh diệt tận
Thắng trí, tự viên thành
Bậc mâu ni đạo sĩ.
Viên mãn mọi thành tựu
Ta gọi Bà-la-môn.”","前生を知り、天界と悪趣とを見、更に生の滅尽に達し、智に於て完成したる
牟尼
（賢人）、一切円満成就の人、我はこれを婆羅門と呼ぶ。"
